Name,City,State,Operator,Size_MW,Latitude,Longitude,Status,Electricity_Price,Composite_Score,Classification,Savings_Per_MW,Payback_Years,OPEX_Impact_Pct,Annual_Energy_Cost,Estimated_Savings,EJ_Demographic_Index,EJ_Energy_Burden_Pct,CO2_Avoided_MT,Water_Saved_Gal,Grid_Relief_Pct,Cars_Equivalent,Homes_Equivalent,Missing_Inputs_Note
NEXTDC S7,Eastern Creek,NSW,NEXTDC,550.0,-33.8028,150.8513,Planned,0.28,80.88,Excellent,418202.4,0.007,4.0,2300113200.0,230011320.0,,,,,,,,"baseline_pue, load_growth_rate, energy_pct_opex are estimated from industry averages"
NEXTDC S4,Horsley Park,NSW,NEXTDC,350.0,-33.841,150.8529,Construction,0.28,80.87,Excellent,418202.4,0.01,4.0,1463708400.0,146370840.0,,,,,,,,"baseline_pue, load_growth_rate, energy_pct_opex are estimated from industry averages"
CWL1 Cardiff,Newport,South Wales,Vantage Data Centers,148.0,51.555,-3.0375,Construction,0.34,80.82,Excellent,507817.2,0.02,4.0,751569456.0,75156945.6,,,,,,,,"baseline_pue, load_growth_rate, energy_pct_opex are estimated from industry averages"
AirTrunk SYD1,Huntingwood,NSW,AirTrunk,130.0,-33.7799,150.8628,Active,0.28,80.78,Excellent,418202.4,0.028,4.0,543663120.0,54366312.0,,,,,,,,"baseline_pue, load_growth_rate, energy_pct_opex are estimated from industry averages"
AirTrunk SYD2,Lane Cove West,NSW,AirTrunk,120.0,-33.8149,151.153,Active,0.28,80.77,Excellent,418202.4,0.03,4.0,501842880.0,50184288.0,,,,,,,,"baseline_pue, load_growth_rate, energy_pct_opex are estimated from industry averages"
Echelon DUB20,Arklow,Leinster,Echelon,100.0,52.7935,-6.1518,Construction,0.3,80.75,Excellent,448074.0,0.033,4.0,448074000.0,44807400.0,,,,,,,,"baseline_pue, load_growth_rate, energy_pct_opex are estimated from industry averages"
AirTrunk SYD3,Huntingwood,NSW,AirTrunk,110.0,-33.7789,150.8645,Active,0.28,80.75,Excellent,418202.4,0.033,4.0,460022640.0,46002264.0,,,,,,,,"baseline_pue, load_growth_rate, energy_pct_opex are estimated from industry averages"
Goldwsworth PArk Trading Estate (LGW14),London,,Digital Realty,84.0,51.51630857391741,-0.1384885615077921,Active,0.34,80.74,Excellent,507817.2,0.035,4.0,426566448.0,42656644.8,,,,,,,,"baseline_pue, load_growth_rate, energy_pct_opex are estimated from industry averages"
LGW14,Woking,London,Digital Realty,84.0,51.323400057859,-0.586313178113241,Active,0.34,80.74,Excellent,507817.2,0.035,4.0,426566448.0,42656644.8,,,,,,,,"baseline_pue, load_growth_rate, energy_pct_opex are estimated from industry averages"
Echelon DUB10,Dublin,Leinster,Echelon,90.0,53.3215,-6.3972,Construction,0.3,80.73,Excellent,448074.0,0.037,4.0,403266600.0,40326660.0,,,,,,,,"baseline_pue, load_growth_rate, energy_pct_opex are estimated from industry averages"
SVY01C,San Jose,CA,STACK Infrastructure,100.0,37.40184,-121.895,Active,0.25,80.72,Excellent,373395.0,0.04,4.0,373395000.0,37339500.0,,,,,,,,"baseline_pue, load_growth_rate, energy_pct_opex are estimated from industry averages"
Gotspace Norwich Campus,Norwich,CT,Gotspace,96.0,41.5894,-72.1025,Planned,0.2389,80.7,Excellent,356816.26,0.044,4.0,342543611.52,34254361.15,,,,,,,,"baseline_pue, load_growth_rate, energy_pct_opex are estimated from industry averages"
NEXTDC S3,Artarmon,NSW,NEXTDC,80.0,-33.8095,151.1862,Active,0.28,80.69,Excellent,418202.4,0.045,4.0,334561920.0,33456192.0,,,,,,,,"baseline_pue, load_growth_rate, energy_pct_opex are estimated from industry averages"
NEXTDC S5,Macquarie Park,NSW,NEXTDC,80.0,-33.7794,151.1302,Construction,0.28,80.69,Excellent,418202.4,0.045,4.0,334561920.0,33456192.0,,,,,,,,"baseline_pue, load_growth_rate, energy_pct_opex are estimated from industry averages"
CA1,Santa Clara,CA,Vantage Data Centers,77.0,37.37,-121.97,Active,0.25,80.66,Excellent,373395.0,0.052,4.0,287514150.0,28751415.0,43.4,2.5,27700.0,319423850.0,0.0229,6021.9,10952.9,"baseline_pue, load_growth_rate, energy_pct_opex are estimated from industry averages"
Spring Park,Corsham,South West,Ark Data Centres,55.0,51.41919504,-2.21803301,Active,0.34,80.65,Excellent,507817.2,0.054,4.0,279299460.0,27929946.0,,,,,,,,"baseline_pue, load_growth_rate, energy_pct_opex are estimated from industry averages"
Google Dublin 2,Dublin,Leinster,Google,60.0,53.3282,-6.4542,Active,0.3,80.64,Excellent,448074.0,0.056,4.0,268844400.0,26884440.0,,,,,,,,"baseline_pue, load_growth_rate, energy_pct_opex are estimated from industry averages"
NTT Tokyo 12,Inzai,Chiba,NTT Data,200.0,35.7825,140.1715,Planned,0.2,80.64,Excellent,298716.0,0.025,4.0,597432000.0,59743200.0,,,,,,,,"baseline_pue, load_growth_rate, energy_pct_opex are estimated from industry averages"
Cyrus One DUB 1,Ballybane,,CyrusOne,54.0,53.258428036040755,-8.99539463863907,Active,0.3,80.61,Excellent,448074.0,0.062,4.0,241959960.0,24195996.0,,,,,,,,"baseline_pue, load_growth_rate, energy_pct_opex are estimated from industry averages"
Vantage DUB1,Dublin,Leinster,Vantage,52.0,53.3285,-6.4569,Construction,0.3,80.59,Excellent,448074.0,0.064,4.0,232998480.0,23299848.0,,,,,,,,"baseline_pue, load_growth_rate, energy_pct_opex are estimated from industry averages"
DC Tuas,Singapore,N/A,Nxera,58.0,1.320632065,103.6572479,Active,0.25,80.57,Excellent,373395.0,0.069,4.0,216569100.0,21656910.0,,,,,,,,"baseline_pue, load_growth_rate, energy_pct_opex are estimated from industry averages"
Global Switch Sydney West,Ultimo,NSW,Global Switch,52.0,-33.8815,151.1994,Active,0.28,80.57,Excellent,418202.4,0.069,4.0,217465248.0,21746524.8,,,,,,,,"baseline_pue, load_growth_rate, energy_pct_opex are estimated from industry averages"
LON-1-3,London,N/A,Iron Mountain,41.0,51.5268,-0.633,Construction,0.34,80.56,Excellent,507817.2,0.072,4.0,208205052.0,20820505.2,,,,,,,,"baseline_pue, load_growth_rate, energy_pct_opex are estimated from industry averages"
Sin12,Singapore,N/A,Digital Realty,50.0,1.37035,103.966,Construction,0.25,80.51,Excellent,373395.0,0.08,4.0,186697500.0,18669750.0,,,,,,,,"baseline_pue, load_growth_rate, energy_pct_opex are estimated from industry averages"
Equinix SY9x,Rosehill,NSW,Equinix,40.0,-33.8268,151.0242,Active,0.28,80.47,Excellent,418202.4,0.09,4.0,167280960.0,16728096.0,,,,,,,,"baseline_pue, load_growth_rate, energy_pct_opex are estimated from industry averages"
Equinix DB6x,Dublin,Leinster,Equinix,36.0,53.3929,-6.3801,Construction,0.3,80.45,Excellent,448074.0,0.093,4.0,161306640.0,16130664.0,,,,,,,,"baseline_pue, load_growth_rate, energy_pct_opex are estimated from industry averages"
AWS Dublin 3,Dublin,Leinster,Amazon Web Services,36.0,53.3918,-6.3781,Active,0.3,80.45,Excellent,448074.0,0.093,4.0,161306640.0,16130664.0,,,,,,,,"baseline_pue, load_growth_rate, energy_pct_opex are estimated from industry averages"
Microsoft DUB14,Dublin,Leinster,Microsoft,36.0,53.3301,-6.4538,Active,0.3,80.45,Excellent,448074.0,0.093,4.0,161306640.0,16130664.0,,,,,,,,"baseline_pue, load_growth_rate, energy_pct_opex are estimated from industry averages"
The Chess Building,Watford,,Capital Land,31.0,51.66426337462903,-0.4073223107509434,Active,0.34,80.44,Excellent,507817.2,0.095,4.0,157423332.0,15742333.2,,,,,,,,"baseline_pue, load_growth_rate, energy_pct_opex are estimated from industry averages"
Global Switch Sydney East,Ultimo,NSW,Global Switch,36.0,-33.881,151.199,Active,0.28,80.42,Excellent,418202.4,0.1,4.0,150552864.0,15055286.4,,,,,,,,"baseline_pue, load_growth_rate, energy_pct_opex are estimated from industry averages"
STT 6,Singapore,N/A,ST Telemedia Global Data Centres,40.0,1.378695757,103.9631229,Active,0.25,80.41,Excellent,373395.0,0.1,4.0,149358000.0,14935800.0,,,,,,,,"baseline_pue, load_growth_rate, energy_pct_opex are estimated from industry averages"
DC West,Singapore,N/A,Nxera,36.0,1.325230365,103.7216035,Active,0.25,80.36,Excellent,373395.0,0.112,4.0,134422200.0,13442220.0,,,,,,,,"baseline_pue, load_growth_rate, energy_pct_opex are estimated from industry averages"
Equinix DB5x,Dublin,Leinster,Equinix,30.0,53.3925,-6.3805,Active,0.3,80.36,Excellent,448074.0,0.112,4.0,134422200.0,13442220.0,,,,,,,,"baseline_pue, load_growth_rate, energy_pct_opex are estimated from industry averages"
AWS Dublin 1,Dublin,Leinster,Amazon Web Services,30.0,53.3897,-6.2265,Active,0.3,80.36,Excellent,448074.0,0.112,4.0,134422200.0,13442220.0,,,,,,,,"baseline_pue, load_growth_rate, energy_pct_opex are estimated from industry averages"
AWS Dublin 2,Dublin,Leinster,Amazon Web Services,30.0,53.3891,-6.2261,Active,0.3,80.36,Excellent,448074.0,0.112,4.0,134422200.0,13442220.0,,,,,,,,"baseline_pue, load_growth_rate, energy_pct_opex are estimated from industry averages"
Microsoft DUB07,Dublin,Leinster,Microsoft,30.0,53.3294,-6.4528,Active,0.3,80.36,Excellent,448074.0,0.112,4.0,134422200.0,13442220.0,,,,,,,,"baseline_pue, load_growth_rate, energy_pct_opex are estimated from industry averages"
Microsoft DUB08,Dublin,Leinster,Microsoft,30.0,53.3297,-6.4532,Active,0.3,80.36,Excellent,448074.0,0.112,4.0,134422200.0,13442220.0,,,,,,,,"baseline_pue, load_growth_rate, energy_pct_opex are estimated from industry averages"
Google Dublin 1,Dublin,Leinster,Google,30.0,53.3278,-6.4537,Active,0.3,80.36,Excellent,448074.0,0.112,4.0,134422200.0,13442220.0,,,,,,,,"baseline_pue, load_growth_rate, energy_pct_opex are estimated from industry averages"
Digital Realty SYD11,Erskine Park,NSW,Digital Realty,32.0,-33.8159,150.8078,Active,0.28,80.36,Excellent,418202.4,0.112,4.0,133824768.0,13382476.8,,,,,,,,"baseline_pue, load_growth_rate, energy_pct_opex are estimated from industry averages"
Equinix FR9x,Frankfurt,Hesse,Equinix,40.0,50.1345,8.6843,Active,0.21,80.32,Excellent,313651.8,0.12,4.0,125460720.0,12546072.0,,,,,,,,"baseline_pue, load_growth_rate, energy_pct_opex are estimated from industry averages"
NEXTDC S2,Macquarie Park,NSW,NEXTDC,30.0,-33.7782,151.1305,Active,0.28,80.32,Excellent,418202.4,0.12,4.0,125460720.0,12546072.0,,,,,,,,"baseline_pue, load_growth_rate, energy_pct_opex are estimated from industry averages"
YTL Sydney,Auburn,NSW,YTL,30.0,-33.8481,151.0352,Construction,0.28,80.32,Excellent,418202.4,0.12,4.0,125460720.0,12546072.0,,,,,,,,"baseline_pue, load_growth_rate, energy_pct_opex are estimated from industry averages"
Microsoft DUB05,Dublin,Leinster,Microsoft,27.0,53.3288,-6.4521,Active,0.3,80.3,Excellent,448074.0,0.124,4.0,120979980.0,12097998.0,,,,,,,,"baseline_pue, load_growth_rate, energy_pct_opex are estimated from industry averages"
Microsoft DUB06,Dublin,Leinster,Microsoft,27.0,53.3291,-6.4525,Active,0.3,80.3,Excellent,448074.0,0.124,4.0,120979980.0,12097998.0,,,,,,,,"baseline_pue, load_growth_rate, energy_pct_opex are estimated from industry averages"
Equinix TY12x,Inzai,Chiba,Equinix,54.0,35.7802,140.1688,Active,0.2,80.3,Excellent,298716.0,0.093,4.0,161306640.0,16130664.0,,,,,,,,"baseline_pue, load_growth_rate, energy_pct_opex are estimated from industry averages"
CDC Eastern Creek 2,Eastern Creek,NSW,CDC,28.0,-33.8017,150.8645,Active,0.28,80.28,Excellent,418202.4,0.128,4.0,117096672.0,11709667.2,,,,,,,,"baseline_pue, load_growth_rate, energy_pct_opex are estimated from industry averages"
CyrusOne DUB3,Dublin,Leinster,CyrusOne,26.0,53.3291,-6.4561,Active,0.3,80.27,Excellent,448074.0,0.129,4.0,116499240.0,11649924.0,,,,,,,,"baseline_pue, load_growth_rate, energy_pct_opex are estimated from industry averages"
NTT Tokyo 11,Inzai,Chiba,NTT Data,50.0,35.7818,140.1701,Construction,0.2,80.26,Excellent,298716.0,0.1,4.0,149358000.0,14935800.0,,,,,,,,"baseline_pue, load_growth_rate, energy_pct_opex are estimated from industry averages"
Digital Realty DUB15,Dublin,Leinster,Digital Realty,24.0,53.3281,-6.452,Active,0.3,80.22,Excellent,448074.0,0.139,4.0,107537760.0,10753776.0,,,,,,,,"baseline_pue, load_growth_rate, energy_pct_opex are estimated from industry averages"
CyrusOne DUB2,Dublin,Leinster,CyrusOne,24.0,53.3285,-6.4556,Active,0.3,80.22,Excellent,448074.0,0.139,4.0,107537760.0,10753776.0,,,,,,,,"baseline_pue, load_growth_rate, energy_pct_opex are estimated from industry averages"
EdgeConneX EDCDUB01,Dublin,Leinster,EdgeConneX,24.0,53.3891,-6.2269,Active,0.3,80.22,Excellent,448074.0,0.139,4.0,107537760.0,10753776.0,,,,,,,,"baseline_pue, load_growth_rate, energy_pct_opex are estimated from industry averages"
GDC CA2,Sacramento,CA,NTT Data,26.1,38.6505161262222,-121.491885551458,Active,0.25,80.15,Excellent,373395.0,0.154,4.0,97456095.0,9745609.5,,,,,,,,"baseline_pue, load_growth_rate, energy_pct_opex are estimated from industry averages"
IIJ Shiroi DC Campus,Shiroi,Chiba,IIJ,40.0,35.7903,140.0549,Active,0.2,80.14,Excellent,298716.0,0.126,4.0,119486400.0,11948640.0,,,,,,,,"baseline_pue, load_growth_rate, energy_pct_opex are estimated from industry averages"
Equinix FR11x,Frankfurt,Hesse,Equinix,30.0,50.1348,8.6849,Active,0.21,80.12,Excellent,313651.8,0.159,4.0,94095540.0,9409554.0,,,,,,,,"baseline_pue, load_growth_rate, energy_pct_opex are estimated from industry averages"
Digital Realty FRA32,Frankfurt,Hesse,Digital Realty,30.0,50.0843,8.5512,Active,0.21,80.12,Excellent,313651.8,0.159,4.0,94095540.0,9409554.0,,,,,,,,"baseline_pue, load_growth_rate, energy_pct_opex are estimated from industry averages"
NTT Frankfurt 4,Frankfurt,Hesse,NTT Data,30.0,50.1429,8.5885,Active,0.21,80.12,Excellent,313651.8,0.159,4.0,94095540.0,9409554.0,,,,,,,,"baseline_pue, load_growth_rate, energy_pct_opex are estimated from industry averages"
Digital Realty NRT14,Inzai,Chiba,Digital Realty,38.0,35.7819,140.1702,Construction,0.2,80.11,Excellent,298716.0,0.132,4.0,113512080.0,11351208.0,,,,,,,,"baseline_pue, load_growth_rate, energy_pct_opex are estimated from industry averages"
LHR13,Chessington,London,Digital Realty,18.0,51.3690669002207,-0.29115616517208,Active,0.34,80.1,Excellent,507817.2,0.164,4.0,91407096.0,9140709.6,,,,,,,,"baseline_pue, load_growth_rate, energy_pct_opex are estimated from industry averages"
Digital Realty DUB12,Dublin,Leinster,Digital Realty,20.0,53.3273,-6.4515,Active,0.3,80.08,Excellent,448074.0,0.167,4.0,89614800.0,8961480.0,,,,,,,,"baseline_pue, load_growth_rate, energy_pct_opex are estimated from industry averages"
Digital Realty NRT12,Inzai,Chiba,Digital Realty,36.0,35.7814,140.1698,Active,0.2,80.07,Excellent,298716.0,0.139,4.0,107537760.0,10753776.0,,,,,,,,"baseline_pue, load_growth_rate, energy_pct_opex are estimated from industry averages"
Via delle Testuggini (ROM1),Rome,Lazio,Digital Realty,35.6,41.78,12.49,Construction,0.2,80.06,Excellent,298716.0,0.141,4.0,106342896.0,10634289.6,,,,,,,,"baseline_pue, load_growth_rate, energy_pct_opex are estimated from industry averages"
CDC Eastern Creek 1,Eastern Creek,NSW,CDC,21.0,-33.8012,150.8639,Active,0.28,80.06,Excellent,418202.4,0.171,4.0,87822504.0,8782250.4,,,,,,,,"baseline_pue, load_growth_rate, energy_pct_opex are estimated from industry averages"
Echelon LCY10,London,N/A,Echelon Data Centres,17.0,51.49,-0.016,Active,0.34,80.05,Excellent,507817.2,0.174,4.0,86328924.0,8632892.4,,,,,,,,"baseline_pue, load_growth_rate, energy_pct_opex are estimated from industry averages"
Digital Realty SYD10,Erskine Park,NSW,Digital Realty,20.0,-33.8152,150.807,Active,0.28,80.02,Excellent,418202.4,0.179,4.0,83640480.0,8364048.0,,,,,,,,"baseline_pue, load_growth_rate, energy_pct_opex are estimated from industry averages"
Digital Realty DUB9,Dublin,Leinster,Digital Realty,18.0,53.3267,-6.4508,Active,0.3,79.99,Excellent,448074.0,0.186,4.0,80653320.0,8065332.0,,,,,,,,"baseline_pue, load_growth_rate, energy_pct_opex are estimated from industry averages"
NTT Frankfurt 1,Frankfurt,Hesse,NTT Data,25.0,50.1422,8.5882,Active,0.21,79.96,Excellent,313651.8,0.191,4.0,78412950.0,7841295.0,,,,,,,,"baseline_pue, load_growth_rate, energy_pct_opex are estimated from industry averages"
SIN10,Singapore,N/A,Digital Realty,20.4,1.32799574657793,103.746036842393,Active,0.25,79.93,Excellent,373395.0,0.197,4.0,76172580.0,7617258.0,,,,,,,,"baseline_pue, load_growth_rate, energy_pct_opex are estimated from industry averages"
Microsoft FRA29,Frankfurt,Hesse,Microsoft,24.0,50.1288,8.5719,Active,0.21,79.92,Excellent,313651.8,0.199,4.0,75276432.0,7527643.2,,,,,,,,"baseline_pue, load_growth_rate, energy_pct_opex are estimated from industry averages"
Vantage FRA11,Offenbach,Hesse,Vantage,24.0,50.1009,8.7615,Active,0.21,79.92,Excellent,313651.8,0.199,4.0,75276432.0,7527643.2,,,,,,,,"baseline_pue, load_growth_rate, energy_pct_opex are estimated from industry averages"
CyrusOne FRA2,Frankfurt,Hesse,CyrusOne,24.0,50.1185,8.7216,Construction,0.21,79.92,Excellent,313651.8,0.199,4.0,75276432.0,7527643.2,,,,,,,,"baseline_pue, load_growth_rate, energy_pct_opex are estimated from industry averages"
Equinix SY5,Alexandria,NSW,Equinix,18.0,-33.9167,151.1925,Active,0.28,79.92,Excellent,418202.4,0.199,4.0,75276432.0,7527643.2,,,,,,,,"baseline_pue, load_growth_rate, energy_pct_opex are estimated from industry averages"
Macquarie IC3,Macquarie Park,NSW,Macquarie Data Centres,18.0,-33.7775,151.1278,Active,0.28,79.92,Excellent,418202.4,0.199,4.0,75276432.0,7527643.2,,,,,,,,"baseline_pue, load_growth_rate, energy_pct_opex are estimated from industry averages"
Keppel DC Dublin 1,Dublin,,Keppel Data Centres,16.0,53.34607647637652,-6.244673219178942,Active,0.3,79.87,Excellent,448074.0,0.209,4.0,71691840.0,7169184.0,,,,,,,,"baseline_pue, load_growth_rate, energy_pct_opex are estimated from industry averages"
Keppel Floating DC Singapore,Singapore,N/A,Keppel,19.2,1.381809518,103.9704728,Planned,0.25,79.87,Excellent,373395.0,0.209,4.0,71691840.0,7169184.0,,,,,,,,"baseline_pue, load_growth_rate, energy_pct_opex are estimated from industry averages"
Colt Inzai 3,Inzai,Chiba,Colt,27.0,35.7789,140.1668,Active,0.2,79.84,Excellent,298716.0,0.186,4.0,80653320.0,8065332.0,,,,,,,,"baseline_pue, load_growth_rate, energy_pct_opex are estimated from industry averages"
Digital Realty FRA17,Frankfurt,Hesse,Digital Realty,22.0,50.1195,8.7077,Active,0.21,79.83,Excellent,313651.8,0.217,4.0,69003396.0,6900339.6,,,,,,,,"baseline_pue, load_growth_rate, energy_pct_opex are estimated from industry averages"
STT 4,Singapore,N/A,ST Telemedia Global Data Centres,18.0,1.292184275,103.7923808,Active,0.25,79.8,Excellent,373395.0,0.223,4.0,67211100.0,6721110.0,,,,,,,,"baseline_pue, load_growth_rate, energy_pct_opex are estimated from industry averages"
Digital Realty NRT10,Inzai,Chiba,Digital Realty,26.0,35.781,140.1695,Active,0.2,79.8,Excellent,298716.0,0.193,4.0,77666160.0,7766616.0,,,,,,,,"baseline_pue, load_growth_rate, energy_pct_opex are estimated from industry averages"
NEXTDC S1,Macquarie Park,NSW,NEXTDC,16.0,-33.7785,151.1309,Active,0.28,79.8,Excellent,418202.4,0.224,4.0,66912384.0,6691238.4,,,,,,,,"baseline_pue, load_growth_rate, energy_pct_opex are estimated from industry averages"
DCI SYD02,Eastern Creek,NSW,DCI Data Centers,16.0,-33.8038,150.8629,Active,0.28,79.8,Excellent,418202.4,0.224,4.0,66912384.0,6691238.4,,,,,,,,"baseline_pue, load_growth_rate, energy_pct_opex are estimated from industry averages"
NTT Tokyo 10,Mitaka,Tokyo,NTT Data,25.0,35.6832,139.5596,Active,0.2,79.76,Excellent,298716.0,0.201,4.0,74679000.0,7467900.0,,,,,,,,"baseline_pue, load_growth_rate, energy_pct_opex are estimated from industry averages"
SG1,Singapore,N/A,Princeton Digital Group,17.0,1.378496509,103.872924,Active,0.25,79.74,Excellent,373395.0,0.236,4.0,63477150.0,6347715.0,,,,,,,,"baseline_pue, load_growth_rate, energy_pct_opex are estimated from industry averages"
Equinix FR7,Frankfurt,Hesse,Equinix,20.0,50.1005,8.6531,Active,0.21,79.72,Excellent,313651.8,0.239,4.0,62730360.0,6273036.0,,,,,,,,"baseline_pue, load_growth_rate, energy_pct_opex are estimated from industry averages"
NTT Frankfurt 2,Frankfurt,Hesse,NTT Data,20.0,50.119,8.7075,Active,0.21,79.72,Excellent,313651.8,0.239,4.0,62730360.0,6273036.0,,,,,,,,"baseline_pue, load_growth_rate, energy_pct_opex are estimated from industry averages"
AWS FRA54,Frankfurt,Hesse,Amazon Web Services,20.0,50.1426,8.5876,Active,0.21,79.72,Excellent,313651.8,0.239,4.0,62730360.0,6273036.0,,,,,,,,"baseline_pue, load_growth_rate, energy_pct_opex are estimated from industry averages"
CyrusOne FRA1,Frankfurt,Hesse,CyrusOne,20.0,50.118,8.7211,Active,0.21,79.72,Excellent,313651.8,0.239,4.0,62730360.0,6273036.0,,,,,,,,"baseline_pue, load_growth_rate, energy_pct_opex are estimated from industry averages"
Digital Realty DUB4,Dublin,Leinster,Digital Realty,14.0,53.3258,-6.4498,Active,0.3,79.72,Excellent,448074.0,0.239,4.0,62730360.0,6273036.0,,,,,,,,"baseline_pue, load_growth_rate, energy_pct_opex are estimated from industry averages"
Telehouse Tama 5,Tama,Tokyo,KDDI,24.0,35.6258,139.4472,Active,0.2,79.72,Excellent,298716.0,0.209,4.0,71691840.0,7169184.0,,,,,,,,"baseline_pue, load_growth_rate, energy_pct_opex are estimated from industry averages"
Hayes,London,N/A,VIRTUS Data Centres,12.0,51.496,-0.4038,Active,0.34,79.69,Excellent,507817.2,0.246,4.0,60938064.0,6093806.4,,,,,,,,"baseline_pue, load_growth_rate, energy_pct_opex are estimated from industry averages"
SDC Manhattan,New York,NY,Sabey Data Centers,18.0,40.71,-74.0,Active,0.2254,79.68,Excellent,336652.93,0.248,4.0,60597527.76,6059752.78,36.3,3.1,7048.5,139135042.0,0.0087,1532.3,2560.4,"baseline_pue, load_growth_rate, energy_pct_opex are estimated from industry averages"
Weismullerstrase 1 (FRA15),Frankfurt,,Digital Realty,19.2,50.09474306770035,8.688467893205102,Active,0.21,79.67,Excellent,313651.8,0.249,4.0,60221145.6,6022114.56,,,,,,,,"baseline_pue, load_growth_rate, energy_pct_opex are estimated from industry averages"
Equinix SY4,Mascot,NSW,Equinix,14.0,-33.9271,151.1862,Active,0.28,79.64,Excellent,418202.4,0.256,4.0,58548336.0,5854833.6,,,,,,,,"baseline_pue, load_growth_rate, energy_pct_opex are estimated from industry averages"
STT 3,Singapore,N/A,ST Telemedia Global Data Centres,15.2,1.35056671470412,103.891450242328,Active,0.25,79.6,Excellent,373395.0,0.264,4.0,56756040.0,5675604.0,,,,,,,,"baseline_pue, load_growth_rate, energy_pct_opex are estimated from industry averages"
Digital Realty FRA10,Frankfurt,Hesse,Digital Realty,18.0,50.1189,8.7088,Active,0.21,79.59,Excellent,313651.8,0.266,4.0,56457324.0,5645732.4,,,,,,,,"baseline_pue, load_growth_rate, energy_pct_opex are estimated from industry averages"
Digital Realty FRA16,Frankfurt,Hesse,Digital Realty,18.0,50.1194,8.7081,Active,0.21,79.59,Excellent,313651.8,0.266,4.0,56457324.0,5645732.4,,,,,,,,"baseline_pue, load_growth_rate, energy_pct_opex are estimated from industry averages"
NTT Frankfurt 3,Frankfurt,Hesse,NTT Data,18.0,50.1425,8.5879,Active,0.21,79.59,Excellent,313651.8,0.266,4.0,56457324.0,5645732.4,,,,,,,,"baseline_pue, load_growth_rate, energy_pct_opex are estimated from industry averages"
NEXTDC S6,Artarmon,NSW,NEXTDC,13.0,-33.8101,151.1858,Active,0.28,79.54,Excellent,418202.4,0.276,4.0,54366312.0,5436631.2,,,,,,,,"baseline_pue, load_growth_rate, energy_pct_opex are estimated from industry averages"
NTT Tokyo 5,Mitaka,Tokyo,NTT Data,20.0,35.6828,139.5593,Active,0.2,79.51,Excellent,298716.0,0.251,4.0,59743200.0,5974320.0,,,,,,,,"baseline_pue, load_growth_rate, energy_pct_opex are estimated from industry averages"
Colt Inzai 4,Inzai,Chiba,Colt,20.0,35.7793,140.1674,Construction,0.2,79.51,Excellent,298716.0,0.251,4.0,59743200.0,5974320.0,,,,,,,,"baseline_pue, load_growth_rate, energy_pct_opex are estimated from industry averages"
GDC CA3,Sacramento,CA,NTT Data,14.0,38.6445464562026,-121.498630565793,Active,0.25,79.48,Excellent,373395.0,0.287,4.0,52275300.0,5227530.0,,,,,,,,"baseline_pue, load_growth_rate, energy_pct_opex are estimated from industry averages"
STT 5,Singapore,N/A,ST Telemedia Global Data Centres,13.8,1.33551038290341,103.890335317126,Active,0.25,79.46,Excellent,373395.0,0.291,4.0,51528510.0,5152851.0,,,,,,,,"baseline_pue, load_growth_rate, energy_pct_opex are estimated from industry averages"
Equinix SG1,Singapore,N/A,Equinix,13.5,1.29552,103.78989,Active,0.25,79.43,Excellent,373395.0,0.298,4.0,50408325.0,5040832.5,,,,,,,,"baseline_pue, load_growth_rate, energy_pct_opex are estimated from industry averages"
Hanauer Landstrasse 320 FRA18,Frankfurt,,Digital Realty,16.0,50.11479694180565,8.662874693218646,Active,0.21,79.42,Excellent,313651.8,0.299,4.0,50184288.0,5018428.8,,,,,,,,"baseline_pue, load_growth_rate, energy_pct_opex are estimated from industry averages"
Maincubes FRA03,Schwalbach,Hesse,Maincubes,16.0,50.151,8.5411,Active,0.21,79.42,Excellent,313651.8,0.299,4.0,50184288.0,5018428.8,,,,,,,,"baseline_pue, load_growth_rate, energy_pct_opex are estimated from industry averages"
Equinix SY3,Alexandria,NSW,Equinix,12.0,-33.9175,151.1919,Active,0.28,79.42,Excellent,418202.4,0.299,4.0,50184288.0,5018428.8,,,,,,,,"baseline_pue, load_growth_rate, energy_pct_opex are estimated from industry averages"
DB3,Ballycoolin,,Equinix,11.0,53.37550610263331,-6.335592587203888,Active,0.3,79.4,Excellent,448074.0,0.304,4.0,49288140.0,4928814.0,,,,,,,,"baseline_pue, load_growth_rate, energy_pct_opex are estimated from industry averages"
SIN11,Singapore,N/A,Digital Realty,13.2,1.3711,103.968,Active,0.25,79.4,Excellent,373395.0,0.304,4.0,49288140.0,4928814.0,,,,,,,,"baseline_pue, load_growth_rate, energy_pct_opex are estimated from industry averages"
STT 1,Singapore,N/A,ST Telemedia Global Data Centres,13.0,1.34964287,103.8915978,Active,0.25,79.37,Excellent,373395.0,0.309,4.0,48541350.0,4854135.0,,,,,,,,"baseline_pue, load_growth_rate, energy_pct_opex are estimated from industry averages"
Equinix TY11,Tokyo,Tokyo,Equinix,18.0,35.6348,139.7952,Active,0.2,79.37,Excellent,298716.0,0.279,4.0,53768880.0,5376888.0,,,,,,,,"baseline_pue, load_growth_rate, energy_pct_opex are estimated from industry averages"
NTT Tokyo 2,Tokyo,Tokyo,NTT Data,18.0,35.6441,139.7968,Active,0.2,79.37,Excellent,298716.0,0.279,4.0,53768880.0,5376888.0,,,,,,,,"baseline_pue, load_growth_rate, energy_pct_opex are estimated from industry averages"
GDC CA1,Sacramento,CA,NTT Data,12.6,38.6505642634243,-121.489322708311,Active,0.25,79.32,Excellent,373395.0,0.319,4.0,47047770.0,4704777.0,,,,,,,,"baseline_pue, load_growth_rate, energy_pct_opex are estimated from industry averages"
Equinix FR4,Frankfurt,Hesse,Equinix,15.0,50.0972,8.6256,Active,0.21,79.32,Excellent,313651.8,0.319,4.0,47047770.0,4704777.0,,,,,,,,"baseline_pue, load_growth_rate, energy_pct_opex are estimated from industry averages"
630 Ajax Ave LHR26,Slough,,Digital Realty,9.0,51.499192477121746,-0.5929172179678618,Active,0.34,79.28,Excellent,507817.2,0.328,4.0,45703548.0,4570354.8,,,,,,,,"baseline_pue, load_growth_rate, energy_pct_opex are estimated from industry averages"
T5 LA,Los Angeles,CA,T5 Data Centers,12.0,34.05,-118.24,Active,0.25,79.24,Excellent,373395.0,0.335,4.0,44807400.0,4480740.0,43.4,2.5,4316.9,49780340.0,0.0036,938.5,1706.9,"baseline_pue, load_growth_rate, energy_pct_opex are estimated from industry averages"
STT 2,Singapore,N/A,ST Telemedia Global Data Centres,12.0,1.34990906646897,103.891846286757,Active,0.25,79.24,Excellent,373395.0,0.335,4.0,44807400.0,4480740.0,,,,,,,,"baseline_pue, load_growth_rate, energy_pct_opex are estimated from industry averages"
Equinix DB4,Dublin,Leinster,Equinix,10.0,53.3911,-6.3812,Active,0.3,79.24,Excellent,448074.0,0.335,4.0,44807400.0,4480740.0,,,,,,,,"baseline_pue, load_growth_rate, energy_pct_opex are estimated from industry averages"
Equinix SY2,Mascot,NSW,Equinix,10.0,-33.9268,151.1858,Active,0.28,79.12,Excellent,418202.4,0.359,4.0,41820240.0,4182024.0,,,,,,,,"baseline_pue, load_growth_rate, energy_pct_opex are estimated from industry averages"
Equinix SY6,Silverwater,NSW,Equinix,10.0,-33.8251,151.053,Active,0.28,79.12,Excellent,418202.4,0.359,4.0,41820240.0,4182024.0,,,,,,,,"baseline_pue, load_growth_rate, energy_pct_opex are estimated from industry averages"
Macquarie IC2,Macquarie Park,NSW,Macquarie Data Centres,10.0,-33.778,151.1283,Active,0.28,79.12,Excellent,418202.4,0.359,4.0,41820240.0,4182024.0,,,,,,,,"baseline_pue, load_growth_rate, energy_pct_opex are estimated from industry averages"
NTT Tokyo 1,Tokyo,Tokyo,NTT Data,15.0,35.6874,139.769,Active,0.2,79.09,Excellent,298716.0,0.335,4.0,44807400.0,4480740.0,,,,,,,,"baseline_pue, load_growth_rate, energy_pct_opex are estimated from industry averages"
Colt Inzai 2,Inzai,Chiba,Colt,15.0,35.7785,140.1661,Active,0.2,79.09,Excellent,298716.0,0.335,4.0,44807400.0,4480740.0,,,,,,,,"baseline_pue, load_growth_rate, energy_pct_opex are estimated from industry averages"
AT TOKYO CC2,Tokyo,Tokyo,AT TOKYO,14.0,35.6551,139.796,Active,0.2,78.97,Excellent,298716.0,0.359,4.0,41820240.0,4182024.0,,,,,,,,"baseline_pue, load_growth_rate, energy_pct_opex are estimated from industry averages"
Equinix FR5,Frankfurt,Hesse,Equinix,12.0,50.0988,8.6259,Active,0.21,78.92,Excellent,313651.8,0.399,4.0,37638216.0,3763821.6,,,,,,,,"baseline_pue, load_growth_rate, energy_pct_opex are estimated from industry averages"
Maincubes FRA02,Schwalbach,Hesse,Maincubes,12.0,50.1505,8.5408,Active,0.21,78.92,Excellent,313651.8,0.399,4.0,37638216.0,3763821.6,,,,,,,,"baseline_pue, load_growth_rate, energy_pct_opex are estimated from industry averages"
Equinix DB2,Dublin,Leinster,Equinix,8.0,53.3333,-6.4378,Active,0.3,78.82,Excellent,448074.0,0.418,4.0,35845920.0,3584592.0,,,,,,,,"baseline_pue, load_growth_rate, energy_pct_opex are estimated from industry averages"
Keppel DC Dublin 2,Dublin,Leinster,Keppel,8.0,53.2939,-6.4035,Active,0.3,78.82,Excellent,448074.0,0.418,4.0,35845920.0,3584592.0,,,,,,,,"baseline_pue, load_growth_rate, energy_pct_opex are estimated from industry averages"
Telehouse Tama 3,Tama,Tokyo,KDDI,12.0,35.6245,139.4432,Active,0.2,78.67,Excellent,298716.0,0.418,4.0,35845920.0,3584592.0,,,,,,,,"baseline_pue, load_growth_rate, energy_pct_opex are estimated from industry averages"
AT TOKYO CC1,Tokyo,Tokyo,AT TOKYO,12.0,35.6549,139.7958,Active,0.2,78.67,Excellent,298716.0,0.418,4.0,35845920.0,3584592.0,,,,,,,,"baseline_pue, load_growth_rate, energy_pct_opex are estimated from industry averages"
Equinix SY1,Mascot,NSW,Equinix,8.0,-33.9265,151.1854,Active,0.28,78.67,Excellent,418202.4,0.448,4.0,33456192.0,3345619.2,,,,,,,,"baseline_pue, load_growth_rate, energy_pct_opex are estimated from industry averages"
Iron Mountain Data Centers AMS 1,Haarlem,,Iron Mountain,60.0,52.385491568300374,4.664164985572125,Active,0.19,78.58,Excellent,283780.2,0.088,4.0,170268120.0,17026812.0,,,,,,,,"baseline_pue, load_growth_rate, energy_pct_opex are estimated from industry averages"
Serangoon,Singapore,N/A,NTT Data,8.6,1.3764459,103.87531,Active,0.25,78.58,Excellent,373395.0,0.467,4.0,32111970.0,3211197.0,,,,,,,,"baseline_pue, load_growth_rate, energy_pct_opex are estimated from industry averages"
11 Hanbury Street (LON1),London,,Digital Realty,6.2,51.49452892465835,-0.11575476290115334,Active,0.34,78.53,Excellent,507817.2,0.476,4.0,31484666.4,3148466.64,,,,,,,,"baseline_pue, load_growth_rate, energy_pct_opex are estimated from industry averages"
11 Hanbury Street LON1,London,,Digital Realty,6.2,51.5199769378324,-0.14245734984137348,Active,0.34,78.53,Excellent,507817.2,0.476,4.0,31484666.4,3148466.64,,,,,,,,"baseline_pue, load_growth_rate, energy_pct_opex are estimated from industry averages"
Equinix FR6,Frankfurt,Hesse,Equinix,10.0,50.0825,8.5541,Active,0.21,78.53,Excellent,313651.8,0.478,4.0,31365180.0,3136518.0,,,,,,,,"baseline_pue, load_growth_rate, energy_pct_opex are estimated from industry averages"
Equinix FR8,Frankfurt,Hesse,Equinix,10.0,50.0975,8.6253,Active,0.21,78.53,Excellent,313651.8,0.478,4.0,31365180.0,3136518.0,,,,,,,,"baseline_pue, load_growth_rate, energy_pct_opex are estimated from industry averages"
Weismullerstrasse 34 (FRA14),Frankfurt,,Digital Realty,9.6,50.110683853297424,8.692017218248568,Active,0.21,78.43,Excellent,313651.8,0.498,4.0,30110572.8,3011057.28,,,,,,,,"baseline_pue, load_growth_rate, energy_pct_opex are estimated from industry averages"
Wilhelm Fay Strasse 24 FRA30,Frankfurt,,Digital Realty,9.0,50.11630434449881,8.68248036128768,Active,0.21,78.26,Excellent,313651.8,0.531,4.0,28228662.0,2822866.2,,,,,,,,"baseline_pue, load_growth_rate, energy_pct_opex are estimated from industry averages"
Equinix TY8,Tokyo,Tokyo,Equinix,10.0,35.6181,139.7414,Active,0.2,78.26,Excellent,298716.0,0.502,4.0,29871600.0,2987160.0,,,,,,,,"baseline_pue, load_growth_rate, energy_pct_opex are estimated from industry averages"
Pudongweg 25 (AMS10),Amsterdam,,Digital Realty,31.2,52.370487067547465,4.8946852508376395,Active,0.19,78.18,Excellent,283780.2,0.169,4.0,88539422.4,8853942.24,,,,,,,,"baseline_pue, load_growth_rate, energy_pct_opex are estimated from industry averages"
SIN-1,Singapore,N/A,Iron Mountain,7.3,1.3759896,103.87149,Active,0.25,78.17,Excellent,373395.0,0.55,4.0,27257835.0,2725783.5,,,,,,,,"baseline_pue, load_growth_rate, energy_pct_opex are estimated from industry averages"
LBL1,Liverpool,"North Wales, Merseyside & Cheshire",nLighten,5.3,53.34308449,-2.973388309,Active,0.34,78.13,Excellent,507817.2,0.557,4.0,26914311.6,2691431.16,,,,,,,,"baseline_pue, load_growth_rate, energy_pct_opex are estimated from industry averages"
Equinix DB1,Dublin,Leinster,Equinix,6.0,53.2942,-6.4028,Active,0.3,78.13,Excellent,448074.0,0.558,4.0,26884440.0,2688444.0,,,,,,,,"baseline_pue, load_growth_rate, energy_pct_opex are estimated from industry averages"
LAX12,Los Angeles,CA,Digital Realty,7.1,33.91589,-118.385,Active,0.25,78.09,Excellent,373395.0,0.566,4.0,26511045.0,2651104.5,43.4,2.5,2554.2,29453368.0,0.0021,555.3,1009.9,"baseline_pue, load_growth_rate, energy_pct_opex are estimated from industry averages"
Equinix FR2,Frankfurt,Hesse,Equinix,8.0,50.092,8.6419,Active,0.21,77.93,Excellent,313651.8,0.598,4.0,25092144.0,2509214.4,,,,,,,,"baseline_pue, load_growth_rate, energy_pct_opex are estimated from industry averages"
Telehouse Frankfurt,Frankfurt,Hesse,Telehouse,8.0,50.0991,8.6254,Active,0.21,77.93,Excellent,313651.8,0.598,4.0,25092144.0,2509214.4,,,,,,,,"baseline_pue, load_growth_rate, energy_pct_opex are estimated from industry averages"
Maincubes FRA01,Offenbach,Hesse,Maincubes,8.0,50.1003,8.7622,Active,0.21,77.93,Excellent,313651.8,0.598,4.0,25092144.0,2509214.4,,,,,,,,"baseline_pue, load_growth_rate, energy_pct_opex are estimated from industry averages"
Sovereign House (LHR20),London,,Digital Realty,4.8,51.494878653772254,-0.14441133381944912,Active,0.34,77.84,Excellent,507817.2,0.615,4.0,24375225.6,2437522.56,,,,,,,,"baseline_pue, load_growth_rate, energy_pct_opex are estimated from industry averages"
SJC10,Santa Clara,CA,Digital Realty,6.3,37.3760001871896,-121.953280678667,Active,0.25,77.73,Excellent,373395.0,0.638,4.0,23523885.0,2352388.5,43.4,2.5,2266.4,26134679.0,0.0019,492.7,896.1,"baseline_pue, load_growth_rate, energy_pct_opex are estimated from industry averages"
Cloud House LHR30,London,,Digital Realty,4.5,51.523052232986934,-0.12288224803738261,Active,0.34,77.63,Excellent,507817.2,0.656,4.0,22851774.0,2285177.4,,,,,,,,"baseline_pue, load_growth_rate, energy_pct_opex are estimated from industry averages"
Equinix TY6,Tokyo,Tokyo,Equinix,8.0,35.652,139.7945,Active,0.2,77.63,Excellent,298716.0,0.628,4.0,23897280.0,2389728.0,,,,,,,,"baseline_pue, load_growth_rate, energy_pct_opex are estimated from industry averages"
Telehouse Koto 2,Tokyo,Tokyo,KDDI,8.0,35.6541,139.797,Active,0.2,77.63,Excellent,298716.0,0.628,4.0,23897280.0,2389728.0,,,,,,,,"baseline_pue, load_growth_rate, energy_pct_opex are estimated from industry averages"
Colt Inzai 1,Inzai,Chiba,Colt,8.0,35.7781,140.1655,Active,0.2,77.63,Excellent,298716.0,0.628,4.0,23897280.0,2389728.0,,,,,,,,"baseline_pue, load_growth_rate, energy_pct_opex are estimated from industry averages"
SJC35,Santa Clara,CA,Digital Realty,6.0,37.3791998255145,-121.957986893777,Active,0.25,77.57,Excellent,373395.0,0.67,4.0,22403700.0,2240370.0,43.4,2.5,2158.4,24890170.0,0.0018,469.2,853.5,"baseline_pue, load_growth_rate, energy_pct_opex are estimated from industry averages"
D15 CXE2,Dublin,,Servecentric,5.0,53.349459762418135,-6.262873011923818,Active,0.3,77.57,Excellent,448074.0,0.67,4.0,22403700.0,2240370.0,,,,,,,,"baseline_pue, load_growth_rate, energy_pct_opex are estimated from industry averages"
Profile Park DUB14,Kilcarbery,,Digital Realty,5.0,53.32115433081294,-6.4207950004055805,Active,0.3,77.57,Excellent,448074.0,0.67,4.0,22403700.0,2240370.0,,,,,,,,"baseline_pue, load_growth_rate, energy_pct_opex are estimated from industry averages"
DUB3,Kilmahuddrick,,Digital Realty,4.6,53.332391045468135,-6.384142539785556,Active,0.3,77.28,Excellent,448074.0,0.728,4.0,20611404.0,2061140.4,,,,,,,,"baseline_pue, load_growth_rate, energy_pct_opex are estimated from industry averages"
Pudonweg 37 (AMS8),Amsterdam,,Digital Realty,14.8,52.36951170579629,4.893062083891285,Active,0.19,77.24,Excellent,283780.2,0.357,4.0,41999469.6,4199946.96,,,,,,,,"baseline_pue, load_growth_rate, energy_pct_opex are estimated from industry averages"
Cessnalaan 50 AMS7,Amsterdam,,Digital Realty,14.8,52.383827565365806,4.900063762731081,Active,0.19,77.24,Excellent,283780.2,0.357,4.0,41999469.6,4199946.96,,,,,,,,"baseline_pue, load_growth_rate, energy_pct_opex are estimated from industry averages"
Oliver's Tard (LHR18),London,,Digital Realty,4.0,51.50445663202711,-0.11953372197868561,Active,0.34,77.22,Excellent,507817.2,0.738,4.0,20312688.0,2031268.8,,,,,,,,"baseline_pue, load_growth_rate, energy_pct_opex are estimated from industry averages"
MCR2,Manchester,North West,Datum,4.0,53.3788679905762,-2.25860953616198,Active,0.34,77.22,Excellent,507817.2,0.738,4.0,20312688.0,2031268.8,,,,,,,,"baseline_pue, load_growth_rate, energy_pct_opex are estimated from industry averages"
LHR18,London,London,Digital Realty,4.0,51.5242615729811,-0.0873228370295861,Active,0.34,77.22,Excellent,507817.2,0.738,4.0,20312688.0,2031268.8,,,,,,,,"baseline_pue, load_growth_rate, energy_pct_opex are estimated from industry averages"
Equinix TY5,Tokyo,Tokyo,Equinix,7.0,35.6295,139.7384,Active,0.2,77.18,Excellent,298716.0,0.717,4.0,20910120.0,2091012.0,,,,,,,,"baseline_pue, load_growth_rate, energy_pct_opex are estimated from industry averages"
Dub10,Dublin,,Digital Realty,4.2,53.34262943897212,-6.255242501392136,Active,0.3,76.93,Excellent,448074.0,0.797,4.0,18819108.0,1881910.8,,,,,,,,"baseline_pue, load_growth_rate, energy_pct_opex are estimated from industry averages"
Equinix FR1,Frankfurt,Hesse,Equinix,6.0,50.0999,8.6731,Active,0.21,76.93,Excellent,313651.8,0.797,4.0,18819108.0,1881910.8,,,,,,,,"baseline_pue, load_growth_rate, energy_pct_opex are estimated from industry averages"
ITENOS Frankfurt Eschborn,Eschborn,Hesse,ITENOS,6.0,50.1428,8.5689,Active,0.21,76.93,Excellent,313651.8,0.797,4.0,18819108.0,1881910.8,,,,,,,,"baseline_pue, load_growth_rate, energy_pct_opex are estimated from industry averages"
Axon Reservoir,Liverpool,"North Wales, Merseyside & Cheshire",Baltic Broadband Limited,3.6,53.4178408377192,-3.04554752015354,Active,0.34,76.81,Excellent,507817.2,0.821,4.0,18281419.2,1828141.92,,,,,,,,"baseline_pue, load_growth_rate, energy_pct_opex are estimated from industry averages"
SJC14,Santa Clara,CA,Digital Realty,4.8,37.3758812367629,-121.955165123726,Active,0.25,76.73,Excellent,373395.0,0.837,4.0,17922960.0,1792296.0,43.4,2.5,1726.8,19912136.0,0.0014,375.4,682.8,"baseline_pue, load_growth_rate, energy_pct_opex are estimated from industry averages"
Equinix TY4,Tokyo,Tokyo,Equinix,6.0,35.6287,139.7388,Active,0.2,76.58,Excellent,298716.0,0.837,4.0,17922960.0,1792296.0,,,,,,,,"baseline_pue, load_growth_rate, energy_pct_opex are estimated from industry averages"
Telehouse Koto 1,Tokyo,Tokyo,KDDI,6.0,35.6538,139.7968,Active,0.2,76.58,Excellent,298716.0,0.837,4.0,17922960.0,1792296.0,,,,,,,,"baseline_pue, load_growth_rate, energy_pct_opex are estimated from industry averages"
Dub13,Kilcarbery,,Digital Realty,3.8,53.32396341354435,-6.417800143954664,Active,0.3,76.51,Excellent,448074.0,0.881,4.0,17026812.0,1702681.2,,,,,,,,"baseline_pue, load_growth_rate, energy_pct_opex are estimated from industry averages"
Weismullerstrase 36 (FRA8),Frankfurt,,Digital Realty,5.4,50.12048186213181,8.672060692145399,Active,0.21,76.49,Excellent,313651.8,0.886,4.0,16937197.2,1693719.72,,,,,,,,"baseline_pue, load_growth_rate, energy_pct_opex are estimated from industry averages"
Koolhovenlaan 25 AMS6,Amsterdam,,Digital Realty,10.0,52.37248580184787,4.896899329849375,Active,0.19,76.38,Excellent,283780.2,0.529,4.0,28378020.0,2837802.0,,,,,,,,"baseline_pue, load_growth_rate, energy_pct_opex are estimated from industry averages"
ADA Rio de Janeiro,Rio de Janeiro,Rio de Janeiro,Ada Infrastructure,60.0,-22.70749374,-43.22411039,Construction,0.1766,76.22,Excellent,263766.23,0.095,4.0,158259736.8,15825973.68,,,,,,,,"baseline_pue, load_growth_rate, energy_pct_opex are estimated from industry averages"
Dub2,Dublin,,Digital Realty,3.4,53.34976874315787,-6.2708648952843955,Active,0.3,75.99,Excellent,448074.0,0.985,4.0,15234516.0,1523451.6,,,,,,,,"baseline_pue, load_growth_rate, energy_pct_opex are estimated from industry averages"
1 Airport Gate (LHR17),London,,Digital Realty,2.9,51.487617326398365,-0.1246926693191123,Active,0.34,75.82,Excellent,507817.2,1.019,4.0,14726698.8,1472669.88,,,,,,,,"baseline_pue, load_growth_rate, energy_pct_opex are estimated from industry averages"
Science Park 120 (AMS17),Amsterdam,,Digital Realty,8.2,52.35957893278829,4.899199776033474,Active,0.19,75.8,Excellent,283780.2,0.645,4.0,23269976.4,2326997.64,,,,,,,,"baseline_pue, load_growth_rate, energy_pct_opex are estimated from industry averages"
Equinix TY2,Tokyo,Tokyo,Equinix,5.0,35.6283,139.7392,Active,0.2,75.75,Excellent,298716.0,1.004,4.0,14935800.0,1493580.0,,,,,,,,"baseline_pue, load_growth_rate, energy_pct_opex are estimated from industry averages"
11 Hanbury Street LON3,London,,Digital Realty,2.7,51.50980721598863,-0.12048581031161741,Active,0.34,75.45,Excellent,507817.2,1.094,4.0,13711064.4,1371106.44,,,,,,,,"baseline_pue, load_growth_rate, energy_pct_opex are estimated from industry averages"
Dub11,Clonshaugh,,Digital Realty,3.0,53.398517866898025,-6.19205075077878,Active,0.3,75.34,Excellent,448074.0,1.116,4.0,13442220.0,1344222.0,,,,,,,,"baseline_pue, load_growth_rate, energy_pct_opex are estimated from industry averages"
Servecentric Dublin,Dublin,Leinster,Servecentric,3.0,53.3897,-6.3792,Active,0.3,75.34,Excellent,448074.0,1.116,4.0,13442220.0,1344222.0,,,,,,,,"baseline_pue, load_growth_rate, energy_pct_opex are estimated from industry averages"
h.J.E Wenckebachweg 127 (AMS18),Amsterdam,,Digital Realty,6.6,52.369143850709165,4.9157536154616555,Active,0.19,75.02,Excellent,283780.2,0.801,4.0,18729493.2,1872949.32,,,,,,,,"baseline_pue, load_growth_rate, energy_pct_opex are estimated from industry averages"
BOS-1,Boston,MA,Iron Mountain,3.6,42.34,-71.64,Active,0.234,74.96,Good,349497.72,1.192,4.0,12581917.92,1258191.79,24.0,3.2,1112.9,26969502.0,0.0042,241.9,512.1,"baseline_pue, load_growth_rate, energy_pct_opex are estimated from industry averages"
Lyoner Strasse 28 FRA28,Frankfurt,,Digital Realty,3.9,50.119150171832565,8.66538398028025,Active,0.21,74.79,Good,313651.8,1.226,4.0,12232420.2,1223242.02,,,,,,,,"baseline_pue, load_growth_rate, energy_pct_opex are estimated from industry averages"
Fortress SF1,San Francisco,CA,Fortress,3.0,37.78271881,-122.3913791,Active,0.25,74.22,Good,373395.0,1.339,4.0,11201850.0,1120185.0,43.4,2.5,1079.2,12445085.0,0.0009,234.6,426.7,"baseline_pue, load_growth_rate, energy_pct_opex are estimated from industry averages"
Cloud House West (LHR19),London,N/A,Digital Realty,2.1,51.5,-0.018,Active,0.34,73.88,Good,507817.2,1.407,4.0,10664161.2,1066416.12,,,,,,,,"baseline_pue, load_growth_rate, energy_pct_opex are estimated from industry averages"
MaNOC,Manchester,North West,ANS,2.0,53.46105715,-2.326724951,Active,0.34,73.53,Good,507817.2,1.477,4.0,10156344.0,1015634.4,,,,,,,,"baseline_pue, load_growth_rate, energy_pct_opex are estimated from industry averages"
MCR1,Manchester,North West,Datum,2.0,53.37925914,-2.258404563,Active,0.34,73.53,Good,507817.2,1.477,4.0,10156344.0,1015634.4,,,,,,,,"baseline_pue, load_growth_rate, energy_pct_opex are estimated from industry averages"
11 Hanbury Street (LON2),London,,Digital Realty,2.0,51.51245712814638,-0.1297448777994872,Active,0.34,73.53,Good,507817.2,1.477,4.0,10156344.0,1015634.4,,,,,,,,"baseline_pue, load_growth_rate, energy_pct_opex are estimated from industry averages"
RJ2,Rio de Janeiro,Rio de Janeiro,Equinix,9.0,-22.8711775670458,-43.2732709192793,Active,0.1766,73.53,Good,263766.23,0.632,4.0,23738960.52,2373896.05,,,,,,,,"baseline_pue, load_growth_rate, energy_pct_opex are estimated from industry averages"
14 Rue de l'orme a moineaux PAR13,Les Ulis,,Digital Realty,80.0,48.67862028652801,2.1852309881119116,Active,0.16,73.4,Good,238972.8,0.078,4.0,191178240.0,19117824.0,,,,,,,,"baseline_pue, load_growth_rate, energy_pct_opex are estimated from industry averages"
Piscataway 1,Piscataway,NJ,QTS Data Centers,65.0,40.557,-74.484,Active,0.16,73.31,Good,238972.8,0.097,4.0,155332320.0,15533232.0,31.8,2.9,31631.1,677738212.0,0.0545,6876.5,9246.0,"baseline_pue, load_growth_rate, energy_pct_opex are estimated from industry averages"
SGIGSM01,Rio de Janeiro,Rio de Janeiro,Scala,7.8,-22.79825294,-43.35646465,Active,0.1766,73.04,Good,263766.23,0.729,4.0,20573765.78,2057376.58,,,,,,,,"baseline_pue, load_growth_rate, energy_pct_opex are estimated from industry averages"
NYM1,Newark,NJ,CyrusOne,40.0,40.53822,-74.5462,Active,0.16,73.01,Good,238972.8,0.157,4.0,95589120.0,9558912.0,,,,,,,,"baseline_pue, load_growth_rate, energy_pct_opex are estimated from industry averages"
Epsilon Global Hubs,Singapore,N/A,Epsilon,2.5,1.35184437,103.8616424,Active,0.25,72.88,Good,373395.0,1.607,4.0,9334875.0,933487.5,,,,,,,,"baseline_pue, load_growth_rate, energy_pct_opex are estimated from industry averages"
EQR21,Clifton,NJ,Digital Realty,30.0,40.8309681366503,-74.1248998645726,Active,0.16,72.75,Good,238972.8,0.209,4.0,71691840.0,7169184.0,31.8,2.9,14599.0,312802252.0,0.0251,3173.8,4267.4,"baseline_pue, load_growth_rate, energy_pct_opex are estimated from industry averages"
nLighten Amsterdam AMS ll,Schiphol-Rijk,,nlighten,4.2,52.284313365808515,4.771622546728949,Active,0.19,72.73,Good,283780.2,1.259,4.0,11918768.4,1191876.84,,,,,,,,"baseline_pue, load_growth_rate, energy_pct_opex are estimated from industry averages"
2 Marcel Cachin (PAR8),Paris,,Digital Realty,19.2,48.85776165351281,2.338767651518996,Active,0.16,72.16,Good,238972.8,0.327,4.0,45882777.6,4588277.76,,,,,,,,"baseline_pue, load_growth_rate, energy_pct_opex are estimated from industry averages"
2 Marchel Cachin PAR11,La Courneuve,,Digital Realty,19.2,48.914017415550035,2.3989099213893517,Active,0.16,72.16,Good,238972.8,0.327,4.0,45882777.6,4588277.76,,,,,,,,"baseline_pue, load_growth_rate, energy_pct_opex are estimated from industry averages"
JFK12,New York,NY,Digital Realty,2.5,40.72,-74.01,Active,0.2254,72.01,Good,336652.93,1.782,4.0,8416323.3,841632.33,36.3,3.1,979.0,19324311.0,0.0012,212.8,355.6,"baseline_pue, load_growth_rate, energy_pct_opex are estimated from industry averages"
1-3 Rue Rateau (PAR7),Paris,,Digital Realty,16.8,48.84836814523488,2.3687107552475983,Active,0.16,71.93,Good,238972.8,0.374,4.0,40147430.4,4014743.04,,,,,,,,"baseline_pue, load_growth_rate, energy_pct_opex are estimated from industry averages"
3 Marchel Cachin PAR9,La Courneuve,,Digital Realty,12.8,48.908297984544596,2.376650346854877,Active,0.16,71.34,Good,238972.8,0.49,4.0,30588518.4,3058851.84,,,,,,,,"baseline_pue, load_growth_rate, energy_pct_opex are estimated from industry averages"
16 Joseph Froelicher (PAR12),Paris,,Digital Realty,12.0,48.86246687584181,2.36076473093423,Active,0.16,71.18,Good,238972.8,0.523,4.0,28676736.0,2867673.6,,,,,,,,"baseline_pue, load_growth_rate, energy_pct_opex are estimated from industry averages"
LDeX Manchester (LDeX3),Manchester,N/A,LDeX Group,1.5,53.47,-2.29,Active,0.34,71.07,Good,507817.2,1.969,4.0,7617258.0,761725.8,,,,,,,,"baseline_pue, load_growth_rate, energy_pct_opex are estimated from industry averages"
ITENOS Frankfurt 3,Eschborn,Hesse,ITENOS,2.4,50.14,8.55,Active,0.21,70.95,Good,313651.8,1.993,4.0,7527643.2,752764.32,,,,,,,,"baseline_pue, load_growth_rate, energy_pct_opex are estimated from industry averages"
Global Hubs - London,London,London,Epsilon,1.4,51.52503825,-0.084904922,Active,0.34,70.37,Good,507817.2,2.11,4.0,7109440.8,710944.08,,,,,,,,"baseline_pue, load_growth_rate, energy_pct_opex are estimated from industry averages"
Apto DC Madrid Campus,Fuenlabrada,Community of Madrid,Apto,240.0,40.26,-3.82,Construction,0.14,70.16,Good,209101.2,0.03,4.0,501842880.0,50184288.0,,,,,,,,"baseline_pue, load_growth_rate, energy_pct_opex are estimated from industry averages"
11-13 Avenue DEd Arts et MEtiers (PR5),Paris,,Digital Realty,8.4,48.840120236676,2.338391780271055,Active,0.16,70.06,Good,238972.8,0.747,4.0,20073715.2,2007371.52,,,,,,,,"baseline_pue, load_growth_rate, energy_pct_opex are estimated from industry averages"
Science PArk 121 (AMS9),Amsterdam,,Digital Realty,2.6,52.380733162895474,4.8924582138883554,Active,0.19,68.86,Good,283780.2,2.033,4.0,7378285.2,737828.52,,,,,,,,"baseline_pue, load_growth_rate, energy_pct_opex are estimated from industry averages"
Evolution DC Bangkok,Bangkok,,Evolution Data Centers,52.0,13.747978728402542,100.51505239433224,Under Construction,0.13,67.83,Good,194165.4,0.149,4.0,100966008.0,10096600.8,,,,,,,,"baseline_pue, load_growth_rate, energy_pct_opex are estimated from industry averages"
Weismullerstrasse 32-40 (FRA7),Frankfurt,,Digital Realty,1.8,50.09296827786016,8.666058686596271,Active,0.21,67.63,Good,313651.8,2.657,4.0,5645732.4,564573.24,,,,,,,,"baseline_pue, load_growth_rate, energy_pct_opex are estimated from industry averages"
SP5x,São Paulo,São Paulo,Equinix,14.4,-23.463,-46.8627,Active,0.1386,67.55,Good,207010.19,0.503,4.0,29809467.07,2980946.71,,,,,,,,"baseline_pue, load_growth_rate, energy_pct_opex are estimated from industry averages"
SP2,Osasco,São Paulo,Ascenty,14.0,-23.4910235840639,-46.777683389786,Active,0.1386,67.48,Good,207010.19,0.518,4.0,28981426.32,2898142.63,,,,,,,,"baseline_pue, load_growth_rate, energy_pct_opex are estimated from industry averages"
PLN1,Paulinia,São Paulo,Ascenty,13.0,-22.7969446347911,-47.1345730323582,Active,0.1386,67.28,Good,207010.19,0.557,4.0,26911324.44,2691132.44,,,,,,,,"baseline_pue, load_growth_rate, energy_pct_opex are estimated from industry averages"
Cessnalaan 1-33 AMS3,Amsterdam,,Digital Realty,2.2,52.36456306311244,4.900175846239262,Active,0.19,67.01,Good,283780.2,2.403,4.0,6243164.4,624316.44,,,,,,,,"baseline_pue, load_growth_rate, energy_pct_opex are estimated from industry averages"
CyrusOne Mesa,Mesa,AZ,CyrusOne,198.0,33.3462,-111.689,Construction,0.12,66.62,Good,179229.6,0.042,4.0,354874608.0,35487460.8,,,,,,,,"baseline_pue, load_growth_rate, energy_pct_opex are estimated from industry averages"
Rio de Janeiro 1,Vinhedo,São Paulo,Ascenty,10.0,-23.0297,-46.9753,Active,0.1386,66.44,Good,207010.19,0.725,4.0,20701018.8,2070101.88,,,,,,,,"baseline_pue, load_growth_rate, energy_pct_opex are estimated from industry averages"
Liverpool City King Edward,Liverpool,"North Wales, Merseyside & Cheshire",Baltic Broadband Limited,1.0,53.4112448170424,-2.99839154587273,Active,0.34,66.15,Good,507817.2,2.954,4.0,5078172.0,507817.2,,,,,,,,"baseline_pue, load_growth_rate, energy_pct_opex are estimated from industry averages"
DEN-1,Denver,CO,Iron Mountain,12.3,39.7392,-104.9903,Active,0.1332,66.06,Good,198944.86,0.613,4.0,24470217.29,2447021.73,25.6,2.6,10315.4,93096317.0,0.0167,2242.5,1749.6,"baseline_pue, load_growth_rate, energy_pct_opex are estimated from industry averages"
Aligned PHX-02,Phoenix,AZ,Aligned,48.0,33.6535,-112.1132,Active,0.12,65.95,Good,179229.6,0.174,4.0,86030208.0,8603020.8,,,,,,,,"baseline_pue, load_growth_rate, energy_pct_opex are estimated from industry averages"
Vantage AZ14,Goodyear,AZ,Vantage,48.0,33.4563,-112.3587,Construction,0.12,65.95,Good,179229.6,0.174,4.0,86030208.0,8603020.8,,,,,,,,"baseline_pue, load_growth_rate, energy_pct_opex are estimated from industry averages"
Stream Goodyear,Goodyear,AZ,Stream Data Centers,48.0,33.4672,-112.3681,Active,0.12,65.95,Good,179229.6,0.174,4.0,86030208.0,8603020.8,,,,,,,,"baseline_pue, load_growth_rate, energy_pct_opex are estimated from industry averages"
Compass Mesa,Mesa,AZ,Compass Datacenters,48.0,33.3495,-111.6842,Construction,0.12,65.95,Good,179229.6,0.174,4.0,86030208.0,8603020.8,,,,,,,,"baseline_pue, load_growth_rate, energy_pct_opex are estimated from industry averages"
Digital Realty PHX11,Mesa,AZ,Digital Realty,36.0,33.3471,-111.6861,Active,0.12,65.66,Good,179229.6,0.232,4.0,64522656.0,6452265.6,,,,,,,,"baseline_pue, load_growth_rate, energy_pct_opex are estimated from industry averages"
NTT PH1,Mesa,AZ,NTT Data,36.0,33.3481,-111.6878,Active,0.12,65.66,Good,179229.6,0.232,4.0,64522656.0,6452265.6,,,,,,,,"baseline_pue, load_growth_rate, energy_pct_opex are estimated from industry averages"
Vantage AZ12,Goodyear,AZ,Vantage,32.0,33.4555,-112.3579,Active,0.12,65.52,Good,179229.6,0.262,4.0,57353472.0,5735347.2,,,,,,,,"baseline_pue, load_growth_rate, energy_pct_opex are estimated from industry averages"
Vantage AZ13,Goodyear,AZ,Vantage,32.0,33.4559,-112.3583,Active,0.12,65.52,Good,179229.6,0.262,4.0,57353472.0,5735347.2,,,,,,,,"baseline_pue, load_growth_rate, energy_pct_opex are estimated from industry averages"
QTS PHX2,Phoenix,AZ,QTS,30.0,33.4381,-112.1425,Active,0.12,65.43,Good,179229.6,0.279,4.0,53768880.0,5376888.0,,,,,,,,"baseline_pue, load_growth_rate, energy_pct_opex are estimated from industry averages"
CyrusOne PHX8,Chandler,AZ,CyrusOne,30.0,33.3102,-111.978,Active,0.12,65.43,Good,179229.6,0.279,4.0,53768880.0,5376888.0,,,,,,,,"baseline_pue, load_growth_rate, energy_pct_opex are estimated from industry averages"
Aligned PHX-01,Phoenix,AZ,Aligned,30.0,33.6532,-112.1128,Active,0.12,65.43,Good,179229.6,0.279,4.0,53768880.0,5376888.0,,,,,,,,"baseline_pue, load_growth_rate, energy_pct_opex are estimated from industry averages"
GDC Bangkok 3 Data Center,Chon Buri,,NTT Data,12.0,13.373178173866238,100.99485251714012,Active,0.13,65.35,Good,194165.4,0.644,4.0,23299848.0,2329984.8,,,,,,,,"baseline_pue, load_growth_rate, energy_pct_opex are estimated from industry averages"
QTS PHX1,Phoenix,AZ,QTS,24.0,33.4378,-112.1421,Active,0.12,65.08,Good,179229.6,0.349,4.0,43015104.0,4301510.4,,,,,,,,"baseline_pue, load_growth_rate, energy_pct_opex are estimated from industry averages"
CyrusOne PHX6,Chandler,AZ,CyrusOne,24.0,33.3094,-111.9772,Active,0.12,65.08,Good,179229.6,0.349,4.0,43015104.0,4301510.4,,,,,,,,"baseline_pue, load_growth_rate, energy_pct_opex are estimated from industry averages"
CyrusOne PHX7,Chandler,AZ,CyrusOne,24.0,33.3098,-111.9776,Active,0.12,65.08,Good,179229.6,0.349,4.0,43015104.0,4301510.4,,,,,,,,"baseline_pue, load_growth_rate, energy_pct_opex are estimated from industry averages"
29-31 FRA12,Frankfurt,,Digital Realty,1.5,50.09473396414663,8.682056154962376,Active,0.21,64.98,Good,313651.8,3.188,4.0,4704777.0,470477.7,,,,,,,,"baseline_pue, load_growth_rate, energy_pct_opex are estimated from industry averages"
Digital Realty PHX10,Phoenix,AZ,Digital Realty,22.0,33.4524,-112.0731,Active,0.12,64.92,Good,179229.6,0.38,4.0,39430512.0,3943051.2,,,,,,,,"baseline_pue, load_growth_rate, energy_pct_opex are estimated from industry averages"
PDX-11,Hillsboro,OR,Digital Realty,54.0,45.5229,-122.9898,Active,0.1136,64.89,Good,169670.69,0.164,4.0,91622171.52,9162217.15,24.1,3.4,23523.4,184317032.0,0.091,5113.9,7681.3,"baseline_pue, load_growth_rate, energy_pct_opex are estimated from industry averages"
Multigrid Falun,Falun,,Multigrid,150.0,60.6005,15.6301,Construction,0.11,64.78,Good,164293.8,0.061,4.0,246440700.0,24644070.0,,,,,,,,"baseline_pue, load_growth_rate, energy_pct_opex are estimated from industry averages"
MSP3,Brooklyn Park,MN,DataBank,9.0,45.1439083899976,-93.3871858224896,Active,0.1322,64.73,Good,197451.28,0.844,4.0,17770614.84,1777061.48,,,,,,,,"baseline_pue, load_growth_rate, energy_pct_opex are estimated from industry averages"
CyrusOne PHX5,Chandler,AZ,CyrusOne,20.0,33.309,-111.9768,Active,0.12,64.73,Good,179229.6,0.418,4.0,35845920.0,3584592.0,,,,,,,,"baseline_pue, load_growth_rate, energy_pct_opex are estimated from industry averages"
DAMAC Digital Bangkok,Bangkok,,DAMAC Digital,10.0,13.75146958307395,100.5169263509311,Planned,0.13,64.71,Good,194165.4,0.773,4.0,19416540.0,1941654.0,,,,,,,,"baseline_pue, load_growth_rate, energy_pct_opex are estimated from industry averages"
Meta Luleå,Luleå,,Meta,120.0,65.6183,22.1306,Active,0.11,64.7,Good,164293.8,0.076,4.0,197152560.0,19715256.0,,,,,,,,"baseline_pue, load_growth_rate, energy_pct_opex are estimated from industry averages"
PNW1,Quincy,WA,CyrusOne,90.0,47.24403,-119.87,Active,0.11,64.58,Good,164293.8,0.101,4.0,147864420.0,14786442.0,,,,,,,,"baseline_pue, load_growth_rate, energy_pct_opex are estimated from industry averages"
EcoDataCenter Falun,Falun,,EcoDataCenter,90.0,60.6028,15.6328,Active,0.11,64.58,Good,164293.8,0.101,4.0,147864420.0,14786442.0,,,,,,,,"baseline_pue, load_growth_rate, energy_pct_opex are estimated from industry averages"
Telehouse Bangkok,Bangkok,,KDDI,9.5,13.764917501458605,100.49515271256654,Active,0.13,64.5,Good,194165.4,0.813,4.0,18445713.0,1844571.3,,,,,,,,"baseline_pue, load_growth_rate, energy_pct_opex are estimated from industry averages"
CyrusOne PHX3,Chandler,AZ,CyrusOne,18.0,33.3082,-111.976,Active,0.12,64.5,Good,179229.6,0.465,4.0,32261328.0,3226132.8,,,,,,,,"baseline_pue, load_growth_rate, energy_pct_opex are estimated from industry averages"
CyrusOne PHX4,Chandler,AZ,CyrusOne,18.0,33.3086,-111.9764,Active,0.12,64.5,Good,179229.6,0.465,4.0,32261328.0,3226132.8,,,,,,,,"baseline_pue, load_growth_rate, energy_pct_opex are estimated from industry averages"
Iron Mountain AZP-2,Phoenix,AZ,Iron Mountain,18.0,33.4492,-112.0748,Active,0.12,64.5,Good,179229.6,0.465,4.0,32261328.0,3226132.8,,,,,,,,"baseline_pue, load_growth_rate, energy_pct_opex are estimated from industry averages"
EcoDataCenter Horndal,Horndal,,EcoDataCenter,75.0,60.2952,16.4285,Active,0.11,64.48,Good,164293.8,0.122,4.0,123220350.0,12322035.0,,,,,,,,"baseline_pue, load_growth_rate, energy_pct_opex are estimated from industry averages"
Microsoft Gävle,Gävle,,Microsoft,60.0,60.6745,17.1413,Active,0.11,64.32,Good,164293.8,0.152,4.0,98576280.0,9857628.0,,,,,,,,"baseline_pue, load_growth_rate, energy_pct_opex are estimated from industry averages"
SDC Seattle,Seattle,WA,Sabey,54.0,47.493,-122.294,Active,0.11,64.24,Good,164293.8,0.169,4.0,88718652.0,8871865.2,25.9,2.5,23523.4,184317032.0,0.038,5113.9,7681.3,"baseline_pue, load_growth_rate, energy_pct_opex are estimated from industry averages"
Vantage AZ11,Goodyear,AZ,Vantage,16.0,33.4551,-112.3575,Active,0.12,64.21,Good,179229.6,0.523,4.0,28676736.0,2867673.6,,,,,,,,"baseline_pue, load_growth_rate, energy_pct_opex are estimated from industry averages"
H5 Phoenix,Chandler,AZ,H5,16.0,33.2885,-111.8941,Active,0.12,64.21,Good,179229.6,0.523,4.0,28676736.0,2867673.6,,,,,,,,"baseline_pue, load_growth_rate, energy_pct_opex are estimated from industry averages"
Parkwest Industiral Estate DUB1,Dublin,,Digital Realty,1.0,53.33815262130722,-6.271608968899659,Active,0.3,64.18,Good,448074.0,3.348,4.0,4480740.0,448074.0,,,,,,,,"baseline_pue, load_growth_rate, energy_pct_opex are estimated from industry averages"
Calle de Emilio Munoz 49-51 MAD3,Madrid,,Digital Realty,5.8,40.414179968255425,-3.7184450246573806,Active,0.14,64.13,Good,209101.2,1.237,4.0,12127869.6,1212786.96,,,,,,,,"baseline_pue, load_growth_rate, energy_pct_opex are estimated from industry averages"
Tamboré,São Paulo,São Paulo,NextStream,6.1,-23.4684666,-46.85006472,Active,0.1386,64.13,Good,207010.19,1.188,4.0,12627621.47,1262762.15,,,,,,,,"baseline_pue, load_growth_rate, energy_pct_opex are estimated from industry averages"
CyrusOne PHX1,Chandler,AZ,CyrusOne,15.0,33.3074,-111.9752,Active,0.12,64.04,Good,179229.6,0.558,4.0,26884440.0,2688444.0,,,,,,,,"baseline_pue, load_growth_rate, energy_pct_opex are estimated from industry averages"
CyrusOne PHX2,Chandler,AZ,CyrusOne,15.0,33.3078,-111.9756,Active,0.12,64.04,Good,179229.6,0.558,4.0,26884440.0,2688444.0,,,,,,,,"baseline_pue, load_growth_rate, energy_pct_opex are estimated from industry averages"
PhoenixNAP Phoenix,Phoenix,AZ,PhoenixNAP,15.0,33.4219,-111.9901,Active,0.12,64.04,Good,179229.6,0.558,4.0,26884440.0,2688444.0,,,,,,,,"baseline_pue, load_growth_rate, energy_pct_opex are estimated from industry averages"
SP1,Osasco,São Paulo,Ascenty,6.0,-23.4910235840639,-46.777683389786,Active,0.1386,64.03,Good,207010.19,1.208,4.0,12420611.28,1242061.13,,,,,,,,"baseline_pue, load_growth_rate, energy_pct_opex are estimated from industry averages"
Microsoft Sandviken,Sandviken,,Microsoft,40.0,60.6166,16.772,Active,0.11,63.94,Good,164293.8,0.228,4.0,65717520.0,6571752.0,,,,,,,,"baseline_pue, load_growth_rate, energy_pct_opex are estimated from industry averages"
HostDime Brazil,São Paulo,São Paulo,HostDime,5.9,-23.59767943,-46.84876326,Active,0.1386,63.93,Good,207010.19,1.228,4.0,12213601.09,1221360.11,,,,,,,,"baseline_pue, load_growth_rate, energy_pct_opex are estimated from industry averages"
Col-3,Columbus,OH,Cologix,18.0,40.12,-83.0,Active,0.1155,63.63,Good,172508.49,0.483,4.0,31051528.2,3105152.82,23.4,3.3,14087.2,211063824.0,0.01,3062.5,2560.4,"baseline_pue, load_growth_rate, energy_pct_opex are estimated from industry averages"
atNorth SWE02,Kista,Stockholm,atNorth,30.0,59.4022,17.9488,Construction,0.11,63.56,Good,164293.8,0.304,4.0,49288140.0,4928814.0,,,,,,,,"baseline_pue, load_growth_rate, energy_pct_opex are estimated from industry averages"
Théséé Data Center 2,Paris,Île-de-France,Théséé Data Center,3.0,48.77,2.06,Construction,0.16,63.34,Good,238972.8,2.092,4.0,7169184.0,716918.4,,,,,,,,"baseline_pue, load_growth_rate, energy_pct_opex are estimated from industry averages"
Iron Mountain AZP-1,Phoenix,AZ,Iron Mountain,12.0,33.4485,-112.074,Active,0.12,63.34,Good,179229.6,0.697,4.0,21507552.0,2150755.2,,,,,,,,"baseline_pue, load_growth_rate, energy_pct_opex are estimated from industry averages"
Calle de Alfonso Gomez MAD4,Madrid,,Digital Realty,5.0,40.4066565216595,-3.697189337136224,Active,0.14,63.14,Good,209101.2,1.435,4.0,10455060.0,1045506.0,,,,,,,,"baseline_pue, load_growth_rate, energy_pct_opex are estimated from industry averages"
MAA10,Chennai,Tamil Nadu,Digital Realty,150.0,13.09935897,80.17211618,Active,0.1,63.01,Good,149358.0,0.067,4.0,224037000.0,22403700.0,,,,,,,,"baseline_pue, load_growth_rate, energy_pct_opex are estimated from industry averages"
MU1,Mumbai,Maharashtra,Princeton Digital Group,150.0,19.16745184,72.9907507,Active,0.1,63.01,Good,149358.0,0.067,4.0,224037000.0,22403700.0,,,,,,,,"baseline_pue, load_growth_rate, energy_pct_opex are estimated from industry averages"
SUPERNAP 9,Las Vegas,NV,Switch,150.0,36.06,-115.22,Active,0.0991,62.85,Good,148013.78,0.068,4.0,222020667.0,22202066.7,37.2,2.7,65342.7,511991756.0,0.2422,14205.3,21336.9,"baseline_pue, load_growth_rate, energy_pct_opex are estimated from industry averages"
Industriparken 24 CPH3,Ballerup,,Digital Realty,4.8,55.715000967453896,12.374260171393063,Active,0.14,62.84,Good,209101.2,1.494,4.0,10036857.6,1003685.76,,,,,,,,"baseline_pue, load_growth_rate, energy_pct_opex are estimated from industry averages"
SEA10,Seattle,WA,Digital Realty,19.5,47.6145281546855,-122.338872762633,Active,0.11,62.74,Good,164293.8,0.468,4.0,32037291.0,3203729.1,25.9,2.5,8494.5,66558928.0,0.0137,1846.7,2773.8,"baseline_pue, load_growth_rate, energy_pct_opex are estimated from industry averages"
TOR1,Vaughan,Ontario,Digital Realty,39.0,43.7792979206063,-79.5396278091949,Active,0.1037,62.74,Good,154884.25,0.248,4.0,60404855.94,6040485.59,,,,,,,,"baseline_pue, load_growth_rate, energy_pct_opex are estimated from industry averages"
Richmond 1,Richmond,VA,QTS Data Centers,238.0,37.49,-77.24527,Active,0.0973,62.65,Good,145325.33,0.043,4.0,345874294.92,34587429.49,28.9,2.9,104370.4,2355571020.0,0.1677,22689.8,33854.5,"baseline_pue, load_growth_rate, energy_pct_opex are estimated from industry averages"
Iron Mountain AZS-1,Scottsdale,AZ,Iron Mountain,10.0,33.5795,-111.8895,Active,0.12,62.64,Good,179229.6,0.837,4.0,17922960.0,1792296.0,,,,,,,,"baseline_pue, load_growth_rate, energy_pct_opex are estimated from industry averages"
7-9 avenue des Arts et MEtiers PAR3,Paris,,Digital Realty,2.8,48.86172113256364,2.34726499320402,Active,0.16,62.59,Good,238972.8,2.242,4.0,6691238.4,669123.84,,,,,,,,"baseline_pue, load_growth_rate, energy_pct_opex are estimated from industry averages"
Bengaluru 4,Bengaluru,Karnataka,NTT Data,67.2,13.19338634,77.64465987,Construction,0.1,62.59,Good,149358.0,0.149,4.0,100368576.0,10036857.6,,,,,,,,"baseline_pue, load_growth_rate, energy_pct_opex are estimated from industry averages"
NM1,Mumbai,Maharashtra,Yotta,52.0,18.92254853,73.20207231,Active,0.1,62.38,Good,149358.0,0.193,4.0,77666160.0,7766616.0,,,,,,,,"baseline_pue, load_growth_rate, energy_pct_opex are estimated from industry averages"
HYD11,Hyderabad,Telangana,Microsoft,48.0,17.23177025,78.19127512,Construction,0.1,62.3,Good,149358.0,0.209,4.0,71691840.0,7169184.0,,,,,,,,"baseline_pue, load_growth_rate, energy_pct_opex are estimated from industry averages"
SUPERNAP 8,Las Vegas,NV,Switch,50.0,36.06,-115.21,Active,0.0991,62.17,Good,148013.78,0.203,4.0,74006889.0,7400688.9,37.2,2.7,21780.9,170663919.0,0.0807,4735.1,7112.3,"baseline_pue, load_growth_rate, energy_pct_opex are estimated from industry averages"
NVA06,Leesburg,VA,STACK Infrastructure,72.0,39.08,-77.56,Active,0.0973,62.15,Good,145325.33,0.143,4.0,104634240.48,10463424.05,28.9,2.9,31574.2,712609720.0,0.0507,6864.1,10241.7,"baseline_pue, load_growth_rate, energy_pct_opex are estimated from industry averages"
IAD5,Culpeper,VA,DataBank,72.0,38.45016,-77.98,Construction,0.0973,62.15,Good,145325.33,0.143,4.0,104634240.48,10463424.05,28.9,2.9,31574.2,712609720.0,0.0507,6864.1,10241.7,"baseline_pue, load_growth_rate, energy_pct_opex are estimated from industry averages"
QTS Ashburn DC1,Ashburn,VA,QTS,72.0,39.0088,-77.4612,Active,0.0973,62.15,Good,145325.33,0.143,4.0,104634240.48,10463424.05,28.9,2.9,31574.2,712609720.0,0.0507,6864.1,10241.7,"baseline_pue, load_growth_rate, energy_pct_opex are estimated from industry averages"
Equinix SK2,Skondal,,Equinix,15.0,59.26666255416463,18.11497427694672,Active,0.11,62.04,Good,164293.8,0.609,4.0,24644070.0,2464407.0,,,,,,,,"baseline_pue, load_growth_rate, energy_pct_opex are estimated from industry averages"
IAD-01,Ashburn,VA,Aligned Data Centers,60.0,39.01376,-77.4688,Active,0.0973,62.01,Good,145325.33,0.172,4.0,87195200.4,8719520.04,28.9,2.9,26311.9,593841434.0,0.0423,5720.1,8534.7,"baseline_pue, load_growth_rate, energy_pct_opex are estimated from industry averages"
Iron Mountain VA-1,Manassas,VA,Iron Mountain,60.0,38.791,-77.5095,Active,0.0973,62.01,Good,145325.33,0.172,4.0,87195200.4,8719520.04,,,,,,,,"baseline_pue, load_growth_rate, energy_pct_opex are estimated from industry averages"
MN01,Minneapolis,MN,US Signal,5.4,44.8773,-93.4078,Active,0.1322,61.92,Good,197451.28,1.407,4.0,10662368.9,1066236.89,19.6,2.8,3667.5,43079358.0,0.0062,797.3,768.1,"baseline_pue, load_growth_rate, energy_pct_opex are estimated from industry averages"
AWS IAD105,Manassas,VA,Amazon Web Services,50.0,38.776,-77.4691,Active,0.0973,61.84,Good,145325.33,0.206,4.0,72662667.0,7266266.7,,,,,,,,"baseline_pue, load_growth_rate, energy_pct_opex are estimated from industry averages"
RCH-1,Richmond,VA,Iron Mountain,48.0,37.49,-77.24,Construction,0.0973,61.8,Good,145325.33,0.215,4.0,69756160.32,6975616.03,28.9,2.9,21049.5,475073147.0,0.0338,4576.1,6827.8,"baseline_pue, load_growth_rate, energy_pct_opex are estimated from industry averages"
Vantage VA11,Ashburn,VA,Vantage,48.0,39.0332,-77.4903,Active,0.0973,61.8,Good,145325.33,0.215,4.0,69756160.32,6975616.03,28.9,2.9,21049.5,475073147.0,0.0338,4576.1,6827.8,"baseline_pue, load_growth_rate, energy_pct_opex are estimated from industry averages"
Vantage VA12,Ashburn,VA,Vantage,48.0,39.0335,-77.4905,Active,0.0973,61.8,Good,145325.33,0.215,4.0,69756160.32,6975616.03,28.9,2.9,21049.5,475073147.0,0.0338,4576.1,6827.8,"baseline_pue, load_growth_rate, energy_pct_opex are estimated from industry averages"
Urbacon DC Toronto DC7,Toronto,Ontario,Urbacon Data Centres,22.0,43.74,-79.62,Active,0.1037,61.79,Good,154884.25,0.44,4.0,34074534.12,3407453.41,,,,,,,,"baseline_pue, load_growth_rate, energy_pct_opex are estimated from industry averages"
CHN 1,Chennai,Tamil Nadu,L&T Vyoma,30.0,12.90078209,79.8097969,Active,0.1,61.67,Good,149358.0,0.335,4.0,44807400.0,4480740.0,,,,,,,,"baseline_pue, load_growth_rate, energy_pct_opex are estimated from industry averages"
Red Oak,Red Oak,TX,Compass Datacenters,360.0,32.537,-96.8049,Active,0.0912,61.66,Good,136214.5,0.031,4.0,490372185.6,49037218.56,42.6,3.3,199235.2,2418147840.0,0.0745,43313.1,51208.5,"baseline_pue, load_growth_rate, energy_pct_opex are estimated from industry averages"
EdgeConneX PHX01,Tempe,AZ,EdgeConneX,8.0,33.3935,-111.9663,Active,0.12,61.6,Good,179229.6,1.046,4.0,14338368.0,1433836.8,,,,,,,,"baseline_pue, load_growth_rate, energy_pct_opex are estimated from industry averages"
AWS IAD50,Ashburn,VA,Amazon Web Services,40.0,39.0167,-77.4755,Active,0.0973,61.58,Good,145325.33,0.258,4.0,58130133.6,5813013.36,28.9,2.9,17541.2,395894289.0,0.0282,3813.4,5689.8,"baseline_pue, load_growth_rate, energy_pct_opex are estimated from industry averages"
AWS IAD60,Ashburn,VA,Amazon Web Services,40.0,39.0169,-77.4757,Active,0.0973,61.58,Good,145325.33,0.258,4.0,58130133.6,5813013.36,28.9,2.9,17541.2,395894289.0,0.0282,3813.4,5689.8,"baseline_pue, load_growth_rate, energy_pct_opex are estimated from industry averages"
151 Front St,Toronto,Ontario,Telehouse,20.0,43.64502988,-79.38419266,Active,0.1037,61.57,Good,154884.25,0.484,4.0,30976849.2,3097684.92,,,,,,,,"baseline_pue, load_growth_rate, energy_pct_opex are estimated from industry averages"
AWS IAD10,Sterling,VA,Amazon Web Services,36.0,39.0225,-77.444,Active,0.0973,61.44,Good,145325.33,0.287,4.0,52317120.24,5231712.02,,,,,,,,"baseline_pue, load_growth_rate, energy_pct_opex are estimated from industry averages"
QTS Manassas DC1,Manassas,VA,QTS,36.0,38.7485,-77.4812,Active,0.0973,61.44,Good,145325.33,0.287,4.0,52317120.24,5231712.02,,,,,,,,"baseline_pue, load_growth_rate, energy_pct_opex are estimated from industry averages"
Sabey Ashburn SDC1,Ashburn,VA,Sabey,36.0,39.0039,-77.4739,Construction,0.0973,61.44,Good,145325.33,0.287,4.0,52317120.24,5231712.02,28.9,2.9,15787.1,356304860.0,0.0254,3432.1,5120.8,"baseline_pue, load_growth_rate, energy_pct_opex are estimated from industry averages"
MSP-2,Eagan,MN,DataBank,5.0,44.84,-93.15,Active,0.1322,61.36,Good,197451.28,1.519,4.0,9872563.8,987256.38,19.6,2.8,3395.9,39888294.0,0.0057,738.2,711.2,"baseline_pue, load_growth_rate, energy_pct_opex are estimated from industry averages"
STO01A Vaultica Data Centers,Vasby,,Vaultica,12.0,59.52530682093164,17.911328875143774,Active,0.11,61.28,Good,164293.8,0.761,4.0,19715256.0,1971525.6,,,,,,,,"baseline_pue, load_growth_rate, energy_pct_opex are estimated from industry averages"
atNorth SWE01,Kista,,atnorth,12.0,59.40795252707797,17.933955497115683,Active,0.11,61.28,Good,164293.8,0.761,4.0,19715256.0,1971525.6,,,,,,,,"baseline_pue, load_growth_rate, energy_pct_opex are estimated from industry averages"
Digital Realty STO6,Kista,Stockholm,Digital Realty,12.0,59.4042,17.9488,Active,0.11,61.28,Good,164293.8,0.761,4.0,19715256.0,1971525.6,,,,,,,,"baseline_pue, load_growth_rate, energy_pct_opex are estimated from industry averages"
Equinix DC22,Ashburn,VA,Equinix,32.0,39.0122,-77.4664,Active,0.0973,61.26,Good,145325.33,0.323,4.0,46504106.88,4650410.69,28.9,2.9,14033.0,316715431.0,0.0225,3050.7,4551.9,"baseline_pue, load_growth_rate, energy_pct_opex are estimated from industry averages"
CN1,Chennai,Tamil Nadu,Equinix,24.0,12.81935988,80.22152652,Active,0.1,61.25,Good,149358.0,0.418,4.0,35845920.0,3584592.0,,,,,,,,"baseline_pue, load_growth_rate, energy_pct_opex are estimated from industry averages"
Chennai II,Chennai,Tamil Nadu,Nxtra,24.0,12.82281,80.21360162,Active,0.1,61.25,Good,149358.0,0.418,4.0,35845920.0,3584592.0,,,,,,,,"baseline_pue, load_growth_rate, energy_pct_opex are estimated from industry averages"
Equinix DC21,Ashburn,VA,Equinix,30.0,39.0121,-77.4662,Active,0.0973,61.15,Good,145325.33,0.344,4.0,43597600.2,4359760.02,28.9,2.9,13155.9,296920717.0,0.0211,2860.1,4267.4,"baseline_pue, load_growth_rate, energy_pct_opex are estimated from industry averages"
CoreSite VA3,Reston,VA,CoreSite,30.0,38.9561,-77.3567,Active,0.0973,61.15,Good,145325.33,0.344,4.0,43597600.2,4359760.02,,,,,,,,"baseline_pue, load_growth_rate, energy_pct_opex are estimated from industry averages"
CyrusOne Sterling I,Sterling,VA,CyrusOne,30.0,39.0161,-77.4161,Active,0.0973,61.15,Good,145325.33,0.344,4.0,43597600.2,4359760.02,,,,,,,,"baseline_pue, load_growth_rate, energy_pct_opex are estimated from industry averages"
CyrusOne Sterling II,Sterling,VA,CyrusOne,30.0,39.0152,-77.4134,Active,0.0973,61.15,Good,145325.33,0.344,4.0,43597600.2,4359760.02,,,,,,,,"baseline_pue, load_growth_rate, energy_pct_opex are estimated from industry averages"
SP3,Osasco,São Paulo,Ascenty,4.0,-23.4910235840639,-46.777683389786,Active,0.1386,61.01,Good,207010.19,1.812,4.0,8280407.52,828040.75,,,,,,,,"baseline_pue, load_growth_rate, energy_pct_opex are estimated from industry averages"
Weismullerstrasse 25-27 FRA9,Frankfurt,,Digital Realty,1.2,50.11518670826415,8.698972858154445,Active,0.21,60.99,Good,313651.8,3.985,4.0,3763821.6,376382.16,,,,,,,,"baseline_pue, load_growth_rate, energy_pct_opex are estimated from industry averages"
Equinix TR7,Brampton,Ontario,Equinix,16.0,43.74,-79.72,Active,0.1037,60.96,Good,154884.25,0.605,4.0,24781479.36,2478147.94,,,,,,,,"baseline_pue, load_growth_rate, energy_pct_opex are estimated from industry averages"
PROEN OTT DC,Bangkok,,PROEN Corp,5.0,13.744094192217215,100.51053790256465,Active,0.13,60.84,Good,194165.4,1.545,4.0,9708270.0,970827.0,,,,,,,,"baseline_pue, load_growth_rate, energy_pct_opex are estimated from industry averages"
GDC - Mumbai 6,Mumbai,Maharashtra,NTT Data,19.2,19.11231785,72.88642073,Active,0.1,60.73,Good,149358.0,0.523,4.0,28676736.0,2867673.6,,,,,,,,"baseline_pue, load_growth_rate, energy_pct_opex are estimated from industry averages"
Digital Realty IAD39,Ashburn,VA,Digital Realty,24.0,39.0149,-77.4758,Active,0.0973,60.72,Good,145325.33,0.43,4.0,34878080.16,3487808.02,28.9,2.9,10524.7,237536573.0,0.0169,2288.0,3413.9,"baseline_pue, load_growth_rate, energy_pct_opex are estimated from industry averages"
Digital Realty IAD36,Ashburn,VA,Digital Realty,22.0,39.0148,-77.477,Active,0.0973,60.53,Good,145325.33,0.469,4.0,31971573.48,3197157.35,28.9,2.9,9647.7,217741859.0,0.0155,2097.4,3129.4,"baseline_pue, load_growth_rate, energy_pct_opex are estimated from industry averages"
Digital Realty IAD38,Ashburn,VA,Digital Realty,22.0,39.0151,-77.4771,Active,0.0973,60.53,Good,145325.33,0.469,4.0,31971573.48,3197157.35,28.9,2.9,9647.7,217741859.0,0.0155,2097.4,3129.4,"baseline_pue, load_growth_rate, energy_pct_opex are estimated from industry averages"
Calle de Albasanz 71 MAD1,Madrid,,Digital Realty,3.6,40.431536493067505,-3.6910475422790565,Active,0.14,60.35,Good,209101.2,1.993,4.0,7527643.2,752764.32,,,,,,,,"baseline_pue, load_growth_rate, energy_pct_opex are estimated from industry averages"
Equinix DC12,Ashburn,VA,Equinix,20.0,39.0116,-77.4679,Active,0.0973,60.29,Good,145325.33,0.516,4.0,29065066.8,2906506.68,28.9,2.9,8770.6,197947145.0,0.0141,1906.7,2844.9,"baseline_pue, load_growth_rate, energy_pct_opex are estimated from industry averages"
AUS2-AUS3,Austin,TX,CyrusOne,33.0,30.207,-97.701,Active,0.0912,60.14,Good,136214.5,0.334,4.0,44950783.68,4495078.37,42.6,3.3,18263.2,221663552.0,0.0068,3970.4,4694.1,"baseline_pue, load_growth_rate, energy_pct_opex are estimated from industry averages"
Equinix DC10,Ashburn,VA,Equinix,18.0,39.0114,-77.4681,Active,0.0973,60.0,Good,145325.33,0.573,4.0,26158560.12,2615856.01,28.9,2.9,7893.6,178152430.0,0.0127,1716.0,2560.4,"baseline_pue, load_growth_rate, energy_pct_opex are estimated from industry averages"
Digital Realty IAD35,Ashburn,VA,Digital Realty,18.0,39.0146,-77.4768,Active,0.0973,60.0,Good,145325.33,0.573,4.0,26158560.12,2615856.01,28.9,2.9,7893.6,178152430.0,0.0127,1716.0,2560.4,"baseline_pue, load_growth_rate, energy_pct_opex are estimated from industry averages"
CoreSite VA2,Reston,VA,CoreSite,18.0,38.9569,-77.3578,Active,0.0973,60.0,Good,145325.33,0.573,4.0,26158560.12,2615856.01,,,,,,,,"baseline_pue, load_growth_rate, energy_pct_opex are estimated from industry averages"
Bangkok 2 Data Center,Chon Buri,,NTT Data,4.5,13.37525785148099,101.00393300415841,Active,0.13,59.99,Good,194165.4,1.717,4.0,8737443.0,873744.3,,,,,,,,"baseline_pue, load_growth_rate, energy_pct_opex are estimated from industry averages"
Equinix BA2,Barcelona,Catalonia,Equinix,3.4,41.35,2.1,Active,0.14,59.76,Good,209101.2,2.11,4.0,7109440.8,710944.08,,,,,,,,"baseline_pue, load_growth_rate, energy_pct_opex are estimated from industry averages"
Sify Hyderabad,Hyderabad,Telangana,Sify,14.0,17.42289552,78.33103583,Construction,0.1,59.75,Good,149358.0,0.717,4.0,20910120.0,2091012.0,,,,,,,,"baseline_pue, load_growth_rate, energy_pct_opex are estimated from industry averages"
TOR4,Markham,Ontario,Cologix,11.0,43.85088767,-79.34266835,Active,0.1037,59.58,Good,154884.25,0.88,4.0,17037267.06,1703726.71,,,,,,,,"baseline_pue, load_growth_rate, energy_pct_opex are estimated from industry averages"
EWR20,Clifton,NJ,Digital Realty,2.2,40.83009928,-74.12669901,Active,0.16,59.53,Good,238972.8,2.853,4.0,5257401.6,525740.16,31.8,2.9,1070.6,22938832.0,0.0018,232.7,312.9,"baseline_pue, load_growth_rate, energy_pct_opex are estimated from industry averages"
EWR14,Carlstadt,NJ,Digital Realty,2.2,40.8280706171736,-74.0494390534576,Active,0.16,59.53,Good,238972.8,2.853,4.0,5257401.6,525740.16,,,,,,,,"baseline_pue, load_growth_rate, energy_pct_opex are estimated from industry averages"
HOU2,Houston,TX,TRG Datacenters,24.0,29.93,-95.43,Construction,0.0912,59.51,Good,136214.5,0.459,4.0,32691479.04,3269147.9,42.6,3.3,13282.3,161209856.0,0.005,2887.5,3413.9,"baseline_pue, load_growth_rate, energy_pct_opex are estimated from industry averages"
Equinix DC5,Ashburn,VA,Equinix,15.0,39.0177,-77.4712,Active,0.0973,59.43,Good,145325.33,0.688,4.0,21798800.1,2179880.01,28.9,2.9,6578.0,148460358.0,0.0106,1430.0,2133.7,"baseline_pue, load_growth_rate, energy_pct_opex are estimated from industry averages"
Green Mountain DC1 Stavanger,Rennesøy,,Green Mountain,45.0,59.0782,5.7648,Active,0.085,59.42,Good,126954.3,0.263,4.0,57129435.0,5712943.5,,,,,,,,"baseline_pue, load_growth_rate, energy_pct_opex are estimated from industry averages"
Digital Realty STO5,Kista,Stockholm,Digital Realty,8.0,59.4038,17.9481,Active,0.11,59.38,Good,164293.8,1.141,4.0,13143504.0,1314350.4,,,,,,,,"baseline_pue, load_growth_rate, energy_pct_opex are estimated from industry averages"
CtrlS Bangalore DC1,Bengaluru,Karnataka,CtrlS Bangalore DC1,12.0,12.84281991,77.67119667,Active,0.1,59.16,Good,149358.0,0.837,4.0,17922960.0,1792296.0,,,,,,,,"baseline_pue, load_growth_rate, energy_pct_opex are estimated from industry averages"
NCR-1,New Delhi,Delhi,Iron Mountain,12.0,28.62887633,77.38414907,Active,0.1,59.16,Good,149358.0,0.837,4.0,17922960.0,1792296.0,,,,,,,,"baseline_pue, load_growth_rate, energy_pct_opex are estimated from industry averages"
Green Mountain OSL1 Rjukan,Rjukan,,Green Mountain,35.0,59.8745,8.5915,Active,0.085,59.04,Good,126954.3,0.338,4.0,44434005.0,4443400.5,,,,,,,,"baseline_pue, load_growth_rate, energy_pct_opex are estimated from industry averages"
Green Mountain OSL2 Hamar,Hamar,,Green Mountain,30.0,60.8138,11.0892,Active,0.085,58.76,Good,126954.3,0.394,4.0,38086290.0,3808629.0,,,,,,,,"baseline_pue, load_growth_rate, energy_pct_opex are estimated from industry averages"
Equinix DC4,Ashburn,VA,Equinix,12.0,39.0179,-77.4719,Active,0.0973,58.57,Good,145325.33,0.86,4.0,17439040.08,1743904.01,28.9,2.9,5262.4,118768287.0,0.0085,1144.0,1706.9,"baseline_pue, load_growth_rate, energy_pct_opex are estimated from industry averages"
Equinix DC6,Ashburn,VA,Equinix,12.0,39.0182,-77.4714,Active,0.0973,58.57,Good,145325.33,0.86,4.0,17439040.08,1743904.01,28.9,2.9,5262.4,118768287.0,0.0085,1144.0,1706.9,"baseline_pue, load_growth_rate, energy_pct_opex are estimated from industry averages"
CoreSite VA1,Reston,VA,CoreSite,12.0,38.9572,-77.3581,Active,0.0973,58.57,Good,145325.33,0.86,4.0,17439040.08,1743904.01,,,,,,,,"baseline_pue, load_growth_rate, energy_pct_opex are estimated from industry averages"
atNorth FIN03,Espoo,,atNorth,18.0,60.2068,24.7735,Active,0.089,58.29,Good,132928.62,0.627,4.0,23927151.6,2392715.16,,,,,,,,"baseline_pue, load_growth_rate, energy_pct_opex are estimated from industry averages"
DigiPlex Fetsund,Fetsund,Oslo,DigiPlex,20.0,59.9267,11.1685,Active,0.085,57.77,Good,126954.3,0.591,4.0,25390860.0,2539086.0,,,,,,,,"baseline_pue, load_growth_rate, energy_pct_opex are estimated from industry averages"
DFW-3,Plano,TX,DataBank,13.5,33.09,-96.82,Active,0.0912,57.73,Good,136214.5,0.816,4.0,18388956.96,1838895.7,42.6,3.3,7471.3,90680544.0,0.0028,1624.2,1920.3,"baseline_pue, load_growth_rate, energy_pct_opex are estimated from industry averages"
Equinix HE7,Espoo,,Equinix,15.0,60.1805,24.7649,Active,0.089,57.66,Good,132928.62,0.752,4.0,19939293.0,1993929.3,,,,,,,,"baseline_pue, load_growth_rate, energy_pct_opex are estimated from industry averages"
Conapto Stockholm 3 North,Sollentuna,,Conapto,6.0,59.408802521371875,17.965984765303975,Active,0.11,57.48,Good,164293.8,1.522,4.0,9857628.0,985762.8,,,,,,,,"baseline_pue, load_growth_rate, energy_pct_opex are estimated from industry averages"
Equinix SK3,Spånga,Stockholm,Equinix,6.0,59.3862,17.8881,Active,0.11,57.48,Good,164293.8,1.522,4.0,9857628.0,985762.8,,,,,,,,"baseline_pue, load_growth_rate, energy_pct_opex are estimated from industry averages"
DigiPlex Oslo Rosenholm DRAS,Oslo,Oslo,DigiPlex,18.0,59.8278,10.7925,Active,0.085,57.45,Good,126954.3,0.656,4.0,22851774.0,2285177.4,,,,,,,,"baseline_pue, load_growth_rate, energy_pct_opex are estimated from industry averages"
DigiPlex Oslo Ulven DNAS,Oslo,Oslo,DigiPlex,15.0,59.9275,10.8225,Active,0.085,56.79,Good,126954.3,0.788,4.0,19043145.0,1904314.5,,,,,,,,"baseline_pue, load_growth_rate, energy_pct_opex are estimated from industry averages"
YYZ10,Markham,Ontario,Digital Realty,6.7,43.8385252931682,-79.3235104930741,Active,0.1037,56.76,Good,154884.25,1.445,4.0,10377244.48,1037724.45,,,,,,,,"baseline_pue, load_growth_rate, energy_pct_opex are estimated from industry averages"
atNorth FIN02,Espoo,,atNorth,12.0,60.1805,24.7635,Active,0.089,56.72,Good,132928.62,0.94,4.0,15951434.4,1595143.44,,,,,,,,"baseline_pue, load_growth_rate, energy_pct_opex are estimated from industry averages"
Verne Finland,Vantaa,,Verne,12.0,60.2966,25.0395,Active,0.089,56.72,Good,132928.62,0.94,4.0,15951434.4,1595143.44,,,,,,,,"baseline_pue, load_growth_rate, energy_pct_opex are estimated from industry averages"
Equinix DC1,Ashburn,VA,Equinix,8.0,39.018,-77.4715,Active,0.0973,56.42,Good,145325.33,1.29,4.0,11626026.72,1162602.67,28.9,2.9,3508.2,79178858.0,0.0056,762.7,1138.0,"baseline_pue, load_growth_rate, energy_pct_opex are estimated from industry averages"
Equinix DC2,Ashburn,VA,Equinix,8.0,39.0181,-77.4716,Active,0.0973,56.42,Good,145325.33,1.29,4.0,11626026.72,1162602.67,28.9,2.9,3508.2,79178858.0,0.0056,762.7,1138.0,"baseline_pue, load_growth_rate, energy_pct_opex are estimated from industry averages"
EdgeConneX EDCIAD01,Herndon,VA,EdgeConneX,8.0,38.9792,-77.3833,Active,0.0973,56.42,Good,145325.33,1.29,4.0,11626026.72,1162602.67,,,,,,,,"baseline_pue, load_growth_rate, energy_pct_opex are estimated from industry averages"
Qu Edmonton 1,Edmonton,Alberta,Qu Data Centres,49.0,53.53,-113.49,Active,0.0683,56.32,Good,102011.51,0.3,4.0,49985641.86,4998564.19,,,,,,,,"baseline_pue, load_growth_rate, energy_pct_opex are estimated from industry averages"
Equinix SK1,Bromma,Stockholm,Equinix,5.0,59.3538,17.9611,Active,0.11,55.95,Good,164293.8,1.826,4.0,8214690.0,821469.0,,,,,,,,"baseline_pue, load_growth_rate, energy_pct_opex are estimated from industry averages"
EcoDataCenter Stockholm,Stockholm,Stockholm,EcoDataCenter,5.0,59.3358,18.0632,Active,0.11,55.95,Good,164293.8,1.826,4.0,8214690.0,821469.0,,,,,,,,"baseline_pue, load_growth_rate, energy_pct_opex are estimated from industry averages"
Hanauer Landstrasse 304-306 (FRA2),Frankfurt,,Digital Realty,0.4,50.12025651785535,8.695851267610193,Active,0.21,55.92,Good,313651.8,11.956,4.0,1254607.2,125460.72,,,,,,,,"baseline_pue, load_growth_rate, energy_pct_opex are estimated from industry averages"
Equinix HE6,Espoo,,Equinix,10.0,60.1799,24.7638,Active,0.089,55.78,Good,132928.62,1.128,4.0,13292862.0,1329286.2,,,,,,,,"baseline_pue, load_growth_rate, energy_pct_opex are estimated from industry averages"
Vandagatan 3 STO6,Kista,,Digital Realty,4.9,59.41507580637459,17.937271065720658,Active,0.11,55.77,Good,164293.8,1.863,4.0,8050396.2,805039.62,,,,,,,,"baseline_pue, load_growth_rate, energy_pct_opex are estimated from industry averages"
Calle de Albasanz 73 MAD2,Madrid,,Digital Realty,2.4,40.43310371250013,-3.704552563744966,Active,0.14,55.37,Good,209101.2,2.989,4.0,5018428.8,501842.88,,,,,,,,"baseline_pue, load_growth_rate, energy_pct_opex are estimated from industry averages"
BCE Richardson,Regina,Saskatchewan,BCE,300.0,50.39702466,-104.4118095,Planned,0.0548,55.16,Good,81848.18,0.061,4.0,245544552.0,24554455.2,,,,,,,,"baseline_pue, load_growth_rate, energy_pct_opex are estimated from industry averages"
STT Delhi DC 3,New Delhi,Delhi,ST Telemedia Global Data Centres,6.0,28.54305817,77.24023742,Active,0.1,54.97,Good,149358.0,1.674,4.0,8961480.0,896148.0,,,,,,,,"baseline_pue, load_growth_rate, energy_pct_opex are estimated from industry averages"
MUM-2,Mumbai,Maharashtra,Iron Mountain,6.0,19.14132398,73.00813411,Active,0.1,54.97,Good,149358.0,1.674,4.0,8961480.0,896148.0,,,,,,,,"baseline_pue, load_growth_rate, energy_pct_opex are estimated from industry averages"
EDCSEA01,Seattle,WA,EdgeConneX,4.5,47.49829,-122.29,Active,0.11,54.94,Good,164293.8,2.029,4.0,7393221.0,739322.1,25.9,2.5,1960.3,15359753.0,0.0032,426.2,640.1,"baseline_pue, load_growth_rate, energy_pct_opex are estimated from industry averages"
Equinix HE5,Helsinki,,Equinix,8.0,60.2155,24.9055,Active,0.089,54.37,Good,132928.62,1.411,4.0,10634289.6,1063428.96,,,,,,,,"baseline_pue, load_growth_rate, energy_pct_opex are estimated from industry averages"
DataBank IAD1,Ashburn,VA,DataBank,6.0,39.0231,-77.4661,Active,0.0973,54.27,Good,145325.33,1.72,4.0,8719520.04,871952.0,28.9,2.9,2631.2,59384143.0,0.0042,572.0,853.5,"baseline_pue, load_growth_rate, energy_pct_opex are estimated from industry averages"
NT Banggrak,Bangkok,,nt Data Center,2.7,13.738714713827468,100.51303090819071,Active,0.13,54.26,Good,194165.4,2.861,4.0,5242465.8,524246.58,,,,,,,,"baseline_pue, load_growth_rate, energy_pct_opex are estimated from industry averages"
HD-1,Hyderabad,Telangana,Iron Mountain,5.5,17.4620132,78.34308926,Active,0.1,54.21,Good,149358.0,1.826,4.0,8214690.0,821469.0,,,,,,,,"baseline_pue, load_growth_rate, energy_pct_opex are estimated from industry averages"
DFW17,Dallas,TX,Digital Realty,6.9,32.97,-96.71,Active,0.0912,53.83,Good,136214.5,1.596,4.0,9398800.22,939880.02,42.6,3.3,3818.7,46347834.0,0.0014,830.2,981.5,"baseline_pue, load_growth_rate, energy_pct_opex are estimated from industry averages"
Conapto Stockholm 2 South,Skarholmen,,Conapto,4.0,59.2796956709701,17.905622267498305,Active,0.11,53.67,Good,164293.8,2.282,4.0,6571752.0,657175.2,,,,,,,,"baseline_pue, load_growth_rate, energy_pct_opex are estimated from industry averages"
Bahnhof Pionen,Stockholm,Stockholm,Bahnhof,4.0,59.3135,18.0682,Active,0.11,53.67,Good,164293.8,2.282,4.0,6571752.0,657175.2,,,,,,,,"baseline_pue, load_growth_rate, energy_pct_opex are estimated from industry averages"
Downtown Dallas,Dallas,TX,Flexential,6.66,32.8011,-96.819,Active,0.0912,53.54,Good,136214.5,1.653,4.0,9071885.43,907188.54,42.6,3.3,3685.9,44735735.0,0.0014,801.3,947.4,"baseline_pue, load_growth_rate, energy_pct_opex are estimated from industry averages"
Equinix CL3,Calgary,Alberta,Equinix,17.0,50.97714658,-113.9566447,Active,0.0683,53.49,Good,102011.51,0.865,4.0,17341957.38,1734195.74,,,,,,,,"baseline_pue, load_growth_rate, energy_pct_opex are estimated from industry averages"
CL3,Calgary,Alberta,Equinix,17.0,50.9771060480079,-113.956676892958,Active,0.0683,53.49,Good,102011.51,0.865,4.0,17341957.38,1734195.74,,,,,,,,"baseline_pue, load_growth_rate, energy_pct_opex are estimated from industry averages"
IDX,Palmas,Tocantins,IDX Data Centers & IT Services,1.2,-10.18746285,-48.340885,Active,0.1766,52.99,Good,263766.23,4.739,4.0,3165194.74,316519.47,,,,,,,,"baseline_pue, load_growth_rate, energy_pct_opex are estimated from industry averages"
nLighten Madrid MA1,Madrid,,nLighten,2.0,40.39943106476876,-3.720133531230485,Active,0.14,52.38,Good,209101.2,3.587,4.0,4182024.0,418202.4,,,,,,,,"baseline_pue, load_growth_rate, energy_pct_opex are estimated from industry averages"
Equinix HE1,Helsinki,,Equinix,6.0,60.2215,24.8631,Active,0.089,52.02,Good,132928.62,1.881,4.0,7975717.2,797571.72,,,,,,,,"baseline_pue, load_growth_rate, energy_pct_opex are estimated from industry averages"
RJ1 Botafogo,Rio de Janeiro,Rio de Janeiro,Equinix,1.0,-22.9548648951133,-43.1945600543638,Active,0.1766,51.69,Good,263766.23,5.687,4.0,2637662.28,263766.23,,,,,,,,"baseline_pue, load_growth_rate, energy_pct_opex are estimated from industry averages"
Esbogatan 11 (STO5),Stockholm,Kista,Digital Realty,3.4,59.34449708232762,18.050528964749503,Active,0.11,51.66,Good,164293.8,2.685,4.0,5585989.2,558598.92,,,,,,,,"baseline_pue, load_growth_rate, energy_pct_opex are estimated from industry averages"
21 Rue du Port PAR4,Paris,,Digital Realty,1.4,48.8450987074598,2.3582177556483885,Active,0.16,51.38,Good,238972.8,4.483,4.0,3345619.2,334561.92,,,,,,,,"baseline_pue, load_growth_rate, energy_pct_opex are estimated from industry averages"
ESbogatan 11 (STO1),Stockholm,Kista,Digital Realty,3.3,59.34502676203679,18.061646403052848,Active,0.11,51.25,Good,164293.8,2.767,4.0,5421695.4,542169.54,,,,,,,,"baseline_pue, load_growth_rate, energy_pct_opex are estimated from industry averages"
Equinix HE3,Helsinki,,Equinix,5.0,60.1918,24.9518,Active,0.089,50.14,Good,132928.62,2.257,4.0,6646431.0,664643.1,,,,,,,,"baseline_pue, load_growth_rate, energy_pct_opex are estimated from industry averages"
Bahnhof Thule,Stockholm,Stockholm,Bahnhof,3.0,59.3395,18.0425,Active,0.11,49.87,Moderate,164293.8,3.043,4.0,4928814.0,492881.4,,,,,,,,"baseline_pue, load_growth_rate, energy_pct_opex are estimated from industry averages"
STT Bangkok 3,Bangkok,,ST Telemedia,2.0,13.772766379343897,100.50785683724062,Active,0.13,49.26,Moderate,194165.4,3.863,4.0,3883308.0,388330.8,,,,,,,,"baseline_pue, load_growth_rate, energy_pct_opex are estimated from industry averages"
11-15 Rue Galilee (PAR6),Paris,,Digital Realty,1.0,48.85819811687323,2.3484622158207924,Active,0.16,48.8,Moderate,238972.8,6.277,4.0,2389728.0,238972.8,,,,,,,,"baseline_pue, load_growth_rate, energy_pct_opex are estimated from industry averages"
QC6 - Montreal III,Baie-d'Urfé,Quebec,Vantage Data Centers,89.0,45.4182062600739,-73.9276512224551,Active,0.0269,48.51,Moderate,40177.3,0.419,4.0,35757798.78,3575779.88,,,,,,,,"baseline_pue, load_growth_rate, energy_pct_opex are estimated from industry averages"
Quebec City (QC2) Data Center Campus,Quebec City,Quebec,Vantage Data Centers,86.0,46.8,-71.31,Construction,0.0269,48.43,Moderate,40177.3,0.434,4.0,34552479.72,3455247.97,,,,,,,,"baseline_pue, load_growth_rate, energy_pct_opex are estimated from industry averages"
QC4 - Montreal II,Pointe-Claire,Quebec,Vantage Data Centers,48.0,45.4753563365138,-73.8006219790259,Active,0.0269,46.72,Moderate,40177.3,0.778,4.0,19285104.96,1928510.5,,,,,,,,"baseline_pue, load_growth_rate, energy_pct_opex are estimated from industry averages"
Cyfuture Bangalore,Bengaluru,Karnataka,Cyfuture,3.0,12.9660167,77.61525494,Active,0.1,46.6,Moderate,149358.0,3.348,4.0,4480740.0,448074.0,,,,,,,,"baseline_pue, load_growth_rate, energy_pct_opex are estimated from industry averages"
NT Nonthaburi 1,Nonthaburi,,nt Data Center,1.7,13.848704728809812,100.53192923554978,Active,0.13,45.85,Moderate,194165.4,4.544,4.0,3300811.8,330081.18,,,,,,,,"baseline_pue, load_growth_rate, energy_pct_opex are estimated from industry averages"
NT Nonthaburi 2,Nonthaburi,,nt Data Center,1.7,13.848378677264222,100.50877571125359,Active,0.13,45.85,Moderate,194165.4,4.544,4.0,3300811.8,330081.18,,,,,,,,"baseline_pue, load_growth_rate, energy_pct_opex are estimated from industry averages"
Cologix MTL10,Montreal,Quebec,Cologix,35.0,45.49776493,-73.57107068,Active,0.0269,45.27,Moderate,40177.3,1.067,4.0,14062055.7,1406205.57,,,,,,,,"baseline_pue, load_growth_rate, energy_pct_opex are estimated from industry averages"
PureColo DC2,Ottawa,Ontario,PureColo,2.5,45.34,-75.69,Active,0.1037,44.62,Moderate,154884.25,3.874,4.0,3872106.15,387210.61,,,,,,,,"baseline_pue, load_growth_rate, energy_pct_opex are estimated from industry averages"
MIN5,Minneapolis,MN,Cologix,1.5,44.97,-93.25,Active,0.1322,43.95,Moderate,197451.28,5.065,4.0,2961769.14,296176.91,19.6,2.8,1018.8,11966488.0,0.0017,221.5,213.4,"baseline_pue, load_growth_rate, energy_pct_opex are estimated from industry averages"
MSP4,Minneapolis,MN,DataBank,0.779,44.9715601471118,-93.2546018514025,Active,0.1322,43.95,Moderate,197451.28,9.752,4.0,1538145.44,153814.54,19.6,2.8,529.1,6214596.0,0.0009,115.0,110.8,"baseline_pue, load_growth_rate, energy_pct_opex are estimated from industry averages"
Templus Lisbon,Lisbon,Estremadura,Templus,1.3,38.7,-9.18,Active,0.13,43.57,Moderate,194165.4,5.943,4.0,2524150.2,252415.02,,,,,,,,"baseline_pue, load_growth_rate, energy_pct_opex are estimated from industry averages"
C Spire Starkville,Starkville,MS,C Spire,1.5,33.4504,-88.8184,Active,0.1267,42.99,Moderate,189236.59,5.284,4.0,2838548.79,283854.88,39.5,5.3,787.2,12324365.0,0.0029,171.1,213.4,"baseline_pue, load_growth_rate, energy_pct_opex are estimated from industry averages"
ESbogatan 11 (STO4),Stockholm,Kista,Digital Realty,1.8,59.32085416608876,18.06410782256725,Active,0.11,40.08,Moderate,164293.8,5.072,4.0,2957288.4,295728.84,,,,,,,,"baseline_pue, load_growth_rate, energy_pct_opex are estimated from industry averages"
ESbogatan 11 STO4,Kista,,Digital Realty,1.8,59.40954252450575,17.962648318211624,Active,0.11,40.08,Moderate,164293.8,5.072,4.0,2957288.4,295728.84,,,,,,,,"baseline_pue, load_growth_rate, energy_pct_opex are estimated from industry averages"
Esbogatan 11 STO3,Kista,,Digital Realty,1.5,59.41956880139718,17.934384864013943,Active,0.11,40.08,Moderate,164293.8,6.087,4.0,2464407.0,246440.7,,,,,,,,"baseline_pue, load_growth_rate, energy_pct_opex are estimated from industry averages"
Esbogatan 11 STO2,Kista,,Digital Realty,1.8,59.42200044946061,17.935460565700954,Active,0.11,40.08,Moderate,164293.8,5.072,4.0,2957288.4,295728.84,,,,,,,,"baseline_pue, load_growth_rate, energy_pct_opex are estimated from industry averages"
Conapto Stockholm 1 City,Stockholm,,Conapto,1.0,59.3225875555501,18.0779296974535,Active,0.11,40.08,Moderate,164293.8,9.13,4.0,1642938.0,164293.8,,,,,,,,"baseline_pue, load_growth_rate, energy_pct_opex are estimated from industry averages"
STT Delhi DC 1,New Delhi,Delhi,ST Telemedia Global Data Centres,1.6,28.63105073,77.20783749,Active,0.1,38.34,Moderate,149358.0,6.277,4.0,2389728.0,238972.8,,,,,,,,"baseline_pue, load_growth_rate, energy_pct_opex are estimated from industry averages"
GDC - Chennai 1,Chennai,Tamil Nadu,NTT Data,2.0,13.06204448,80.13396892,Active,0.1,38.34,Moderate,149358.0,5.021,4.0,2987160.0,298716.0,,,,,,,,"baseline_pue, load_growth_rate, energy_pct_opex are estimated from industry averages"
Bell Aliant Halifax,Halifax,Nova Scotia,Bell Aliant,1.0,44.66,-63.59,Active,0.0895,36.51,Moderate,133675.41,11.221,4.0,1336754.1,133675.41,,,,,,,,"baseline_pue, load_growth_rate, energy_pct_opex are estimated from industry averages"
Equinix HE2,Helsinki,Uusimaa,Equinix,1.0,60.17,24.96,Active,0.089,36.43,Moderate,132928.62,11.284,4.0,1329286.2,132928.62,,,,,,,,"baseline_pue, load_growth_rate, energy_pct_opex are estimated from industry averages"
Q01-1,Levis,Quebec,QScale,12.0,46.6757899230572,-71.3276121347718,Active,0.0269,35.05,Moderate,40177.3,3.111,4.0,4821276.24,482127.62,,,,,,,,"baseline_pue, load_growth_rate, energy_pct_opex are estimated from industry averages"
Q01-2,Levis,Quebec,QScale,12.0,46.6757899230572,-71.3276121347718,Construction,0.0269,35.05,Moderate,40177.3,3.111,4.0,4821276.24,482127.62,,,,,,,,"baseline_pue, load_growth_rate, energy_pct_opex are estimated from industry averages"
Equinix CL 1,Calgary,Alberta,Equinix,0.8,51.04,-114.08,Active,0.0683,32.82,Moderate,102011.51,18.38,4.0,816092.11,81609.21,,,,,,,,"baseline_pue, load_growth_rate, energy_pct_opex are estimated from industry averages"
CL1,Calgary,Alberta,Equinix,1.0,51.0456596654557,-114.068868890312,Active,0.0683,32.82,Moderate,102011.51,14.704,4.0,1020115.14,102011.51,,,,,,,,"baseline_pue, load_growth_rate, energy_pct_opex are estimated from industry averages"
CL2,Calgary,Alberta,Equinix,2.0,51.0481136519906,-114.009379151482,Active,0.0683,32.82,Moderate,102011.51,7.352,4.0,2040230.28,204023.03,,,,,,,,"baseline_pue, load_growth_rate, energy_pct_opex are estimated from industry averages"
Cologix VAN1,Vancouver,British Columbia,Cologix,0.75,49.28,-123.11,Active,0.0493,29.51,Moderate,73633.49,27.162,4.0,552251.2,55225.12,,,,,,,,"baseline_pue, load_growth_rate, energy_pct_opex are estimated from industry averages"
Cologix MTL11,Montreal,Quebec,Cologix,1.0,45.5,-73.56,Active,0.0269,25.6,Moderate,40177.3,37.335,4.0,401773.02,40177.3,,,,,,,,"baseline_pue, load_growth_rate, energy_pct_opex are estimated from industry averages"
Cologix MTL7,Montreal,Quebec,Cologix,2.6,45.4,-73.54,Active,0.0269,25.6,Moderate,40177.3,14.359,4.0,1044609.85,104460.99,,,,,,,,"baseline_pue, load_growth_rate, energy_pct_opex are estimated from industry averages"
